"","Name","Place","Grade","School","Prelims_Time","Finals_Time","Points","Exhibition","DQ","Event","State"
"1",NA,1,NA,"Winnetka (New Trier)","1:44.08","1:40.98",NA,0,0,"Girls 200 Yard Medley Relay","IL"
"2",NA,2,NA,"Aurora (Rosary)","1:44.16","1:42.94",NA,0,0,"Girls 200 Yard Medley Relay","IL"
"3",NA,3,NA,"Naperville (Neuqua Valley)","1:45.68","1:43.22",NA,0,0,"Girls 200 Yard Medley Relay","IL"
"4",NA,4,NA,"Hinsdale (Central)","1:43.96","1:43.47",NA,0,0,"Girls 200 Yard Medley Relay","IL"
"5",NA,5,NA,"St Charles (North)","1:45.34","1:44.28",NA,0,0,"Girls 200 Yard Medley Relay","IL"
"6",NA,6,NA,"LaGrange (Lyons)","1:47.22","1:44.33",NA,0,0,"Girls 200 Yard Medley Relay","IL"
"7",NA,7,NA,"Downers Grove (South)","1:45.59","1:44.79",NA,0,0,"Girls 200 Yard Medley Relay","IL"
"8",NA,8,NA,"Aurora (Metea Valley)","1:44.95","1:45.01",NA,0,0,"Girls 200 Yard Medley Relay","IL"
"9",NA,9,NA,"Lincolnshire (Stevenson)","1:44.93","1:45.10",NA,0,0,"Girls 200 Yard Medley Relay","IL"
"10",NA,10,NA,"Naperville (Central)","1:47.11","1:45.30",NA,0,0,"Girls 200 Yard Medley Relay","IL"
"11",NA,11,NA,"Oswego (East) [Coop]","1:45.20","1:45.88",NA,0,0,"Girls 200 Yard Medley Relay","IL"
"12",NA,12,NA,"St Charles (East)","1:45.13","1:46.00",NA,0,0,"Girls 200 Yard Medley Relay","IL"
"13",NA,13,NA,"Oak Park (Fenwick)","1:45.95","1:46.03",NA,0,0,"Girls 200 Yard Medley Relay","IL"
"14",NA,14,NA,"Arlington Heights (Hersey)","1:45.29","1:46.42",NA,0,0,"Girls 200 Yard Medley Relay","IL"
"15",NA,15,NA,"Chicago (St Ignatius)","1:44.62","1:46.48",NA,0,0,"Girls 200 Yard Medley Relay","IL"
"16",NA,16,NA,"Naperville (North)","1:45.87","1:46.78",NA,0,0,"Girls 200 Yard Medley Relay","IL"
"17",NA,17,NA,"Schaumburg (HS)","1:46.08","1:47.12",NA,0,0,"Girls 200 Yard Medley Relay","IL"
"18",NA,18,NA,"Downers Grove (North)","1:45.47","1:47.26",NA,0,0,"Girls 200 Yard Medley Relay","IL"
"19",NA,19,"FR","Frankfort (Lincoln-Way East)","1:48.30","1:47.42",NA,0,0,"Girls 200 Yard Medley Relay","IL"
"20",NA,20,NA,"West Chicago (HS) [Coop]","1:46.15","1:47.45",NA,0,0,"Girls 200 Yard Medley Relay","IL"
"21",NA,21,NA,"Evanston (Twp)","1:46.53","1:47.81",NA,0,0,"Girls 200 Yard Medley Relay","IL"
"22",NA,22,NA,"Barrington","1:47.15","1:48.08",NA,0,0,"Girls 200 Yard Medley Relay","IL"
"23",NA,23,NA,"Vernon Hills","1:47.34","1:48.23",NA,0,0,"Girls 200 Yard Medley Relay","IL"
"24",NA,24,NA,"Mundelein (HS)","1:46.78","1:48.31",NA,0,0,"Girls 200 Yard Medley Relay","IL"
"25",NA,25,NA,"Park Ridge (Maine South)","1:47.91","1:48.73",NA,0,0,"Girls 200 Yard Medley Relay","IL"
"26",NA,26,NA,"Lake Forest (HS)","1:47.47","1:49.09",NA,0,0,"Girls 200 Yard Medley Relay","IL"
"27",NA,27,NA,"Buffalo Grove","1:47.78","1:49.82",NA,0,0,"Girls 200 Yard Medley Relay","IL"
"28",NA,28,NA,"Gurnee (Warren)","1:47.93","1:51.04",NA,0,0,"Girls 200 Yard Medley Relay","IL"
"29",NA,29,NA,"Normal (University)","1:49.65","1:51.47",NA,0,0,"Girls 200 Yard Medley Relay","IL"
"30",NA,30,NA,"Urbana (University)","1:49.90","1:51.76",NA,0,0,"Girls 200 Yard Medley Relay","IL"
"31",NA,31,NA,"Lockport (Twp)","1:51.31","1:52.65",NA,0,0,"Girls 200 Yard Medley Relay","IL"
"32",NA,32,NA,"Byron [Coop]","1:50.64","1:52.66",NA,0,0,"Girls 200 Yard Medley Relay","IL"
"33",NA,33,NA,"Dunlap [Coop]","1:52.14","1:53.24",NA,0,0,"Girls 200 Yard Medley Relay","IL"
"34",NA,34,NA,"Springfield (Sacred Heart-Grif","1:50.62","1:55.09",NA,0,0,"Girls 200 Yard Medley Relay","IL"
"35","Stege, Rachel",1,"JR","Naperville (Neuqua Valley)","1:49.27","1:47.20",NA,0,0,"Girls 200 Yard Freestyle","IL"
"36","Wagner, Annika",2,"SR","Park Ridge (Maine South)","1:49.92","1:47.74",NA,0,0,"Girls 200 Yard Freestyle","IL"
"37","Davis, Jessica",3,"SR","Plainfield (North) [Coop]","1:51.02","1:48.68",NA,0,0,"Girls 200 Yard Freestyle","IL"
"38","Smith, Jane",4,"SR","Palatine (HS)","1:53.99","1:50.76",NA,0,0,"Girls 200 Yard Freestyle","IL"
"39","Franckowiak, Kali",5,"SR","Plainfield (North) [Coop]","1:51.67","1:50.80",NA,0,0,"Girls 200 Yard Freestyle","IL"
"40","Taute, Abbey",6,"JR","Chicago (St Ignatius)","1:50.26","1:51.13",NA,0,0,"Girls 200 Yard Freestyle","IL"
"41","Craffey, Casey",7,"JR","Vernon Hills","1:49.68","1:51.53",NA,0,0,"Girls 200 Yard Freestyle","IL"
"42","Bucaro, Emily",8,"SO","Barrington","1:52.06","1:51.62",NA,0,0,"Girls 200 Yard Freestyle","IL"
"43","Long, Erin",9,"JR","Evanston (Twp)","1:51.73","1:51.90",NA,0,0,"Girls 200 Yard Freestyle","IL"
"44","Armstrong, Paige",10,"SO","St Charles (North)","1:52.78","1:52.20",NA,0,0,"Girls 200 Yard Freestyle","IL"
"45","Kelly, Sydney",11,"SR","Bartlett [Coop]","1:54.27","1:52.24",NA,0,0,"Girls 200 Yard Freestyle","IL"
"46","Wille, Lauren",12,"SO","Oswego (East) [Coop]","1:51.84","1:52.45",NA,0,0,"Girls 200 Yard Freestyle","IL"
"47","Mitchell, Alexandra",13,"FR","Oak Park (OP-River Forest)","1:54.48","1:52.96",NA,0,0,"Girls 200 Yard Freestyle","IL"
"48","Wendel, Leslie",14,"SO","Winnetka (New Trier)","1:52.66","1:53.09",NA,0,0,"Girls 200 Yard Freestyle","IL"
"49","Prince, Piper",15,"FR","Chicago (St Ignatius)","1:51.54","1:53.17",NA,0,0,"Girls 200 Yard Freestyle","IL"
"50","Wessel, Holly",16,"JR","Naperville (North)","1:52.40","1:53.28",NA,0,0,"Girls 200 Yard Freestyle","IL"
"51","Guist, Corinne",17,"SO","Oswego (East) [Coop]","1:52.78","1:53.32",NA,0,0,"Girls 200 Yard Freestyle","IL"
"52","Wendel, Alexis",18,"SO","Winnetka (New Trier)","1:52.66","1:54.04",NA,0,0,"Girls 200 Yard Freestyle","IL"
"53","King, Mary",19,"FR","Lake Forest (HS)","1:53.47","1:54.05",NA,0,0,"Girls 200 Yard Freestyle","IL"
"54","Rygula, Emily",20,"JR","Bartlett [Coop]","1:54.68","1:54.10",NA,0,0,"Girls 200 Yard Freestyle","IL"
"55","Joachim, Kendra",21,"SR","Lake Forest (HS)","1:51.92","1:54.23",NA,0,0,"Girls 200 Yard Freestyle","IL"
"56","Lee, Lauren",22,"SR","Aurora (Waubonsie Valley)","1:53.26","1:54.52",NA,0,0,"Girls 200 Yard Freestyle","IL"
"57","Phillips, Mary",23,"SR","St Charles (North)","1:53.86","1:54.91",NA,0,0,"Girls 200 Yard Freestyle","IL"
"58","Tucker, Mackenzie",24,"JR","Evanston (Twp)","1:54.56","1:55.27",NA,0,0,"Girls 200 Yard Freestyle","IL"
"59","Tokarz, Jennifer",25,"JR","Algonquin (Jacobs) [Coop]","1:54.06","1:55.31",NA,0,0,"Girls 200 Yard Freestyle","IL"
"60","Harder, Isabella",26,"SR","Naperville (Neuqua Valley)","1:53.65","1:55.40",NA,0,0,"Girls 200 Yard Freestyle","IL"
"61","Fong, Lian",27,"JR","Skokie (Niles West)","1:54.20","1:55.76",NA,0,0,"Girls 200 Yard Freestyle","IL"
"62","Gindorf, Julia",28,"SR","Crystal Lake (South) [Coop]","1:54.29","1:55.82",NA,0,0,"Girls 200 Yard Freestyle","IL"
"63","Orucevic, Emsela",29,"JR","Glenview (Glenbrook South)","1:53.57","1:55.83",NA,0,0,"Girls 200 Yard Freestyle","IL"
"64","Kelly, Samantha",30,"SR","LaGrange (Lyons)","1:54.97","1:55.89",NA,0,0,"Girls 200 Yard Freestyle","IL"
"65","Supple, Madison",31,"JR","St Charles (East)","1:53.06","1:56.26",NA,0,0,"Girls 200 Yard Freestyle","IL"
"66","Winter, Kristina",32,"SR","Frankfort (Lincoln-Way East)","1:55.12","1:56.44",NA,0,0,"Girls 200 Yard Freestyle","IL"
"67","Nowak, Kamila",33,"SO","Northbrook (Glenbrook North)","1:54.01","1:56.55",NA,0,0,"Girls 200 Yard Freestyle","IL"
"68","Willard, Grace",34,"SR","Naperville (Central)","1:54.76","1:56.62",NA,0,0,"Girls 200 Yard Freestyle","IL"
"69","Lumsden, Mollie",35,"SO","Arlington Heights (Hersey)","1:54.05","1:56.75",NA,0,0,"Girls 200 Yard Freestyle","IL"
"70","Weigel, Samantha",36,"JR","Naperville (Central)","1:54.31","1:57.01",NA,0,0,"Girls 200 Yard Freestyle","IL"
"71","Murray, Hannah",37,"SR","St Charles (East)","1:54.51","1:57.19",NA,0,0,"Girls 200 Yard Freestyle","IL"
"72","Spolidorio, Sophia",38,"SR","Dunlap [Coop]","1:54.81","1:57.35",NA,0,0,"Girls 200 Yard Freestyle","IL"
"73","Pearson, Ali",39,"JR","Normal (Community West)","1:56.44","1:57.49",NA,0,0,"Girls 200 Yard Freestyle","IL"
"74","O'Donnell, Maddy",40,"SR","Lincolnshire (Stevenson)","1:53.27","1:57.51",NA,0,0,"Girls 200 Yard Freestyle","IL"
"75","Galovich, Becca",41,"SR","Barrington","1:54.93","1:57.53",NA,0,0,"Girls 200 Yard Freestyle","IL"
"76","Polach, Amanda",42,"SR","Elmhurst (York)","1:54.94","1:58.23",NA,0,0,"Girls 200 Yard Freestyle","IL"
"77","Cushing, Ali",42,"JR","Rockford (Auburn)","1:54.79","1:58.23",NA,0,0,"Girls 200 Yard Freestyle","IL"
"78","Greko, Sophia",42,"SO","Moline (HS)","1:54.60","1:58.23",NA,0,0,"Girls 200 Yard Freestyle","IL"
"79","Fakhoury, Lauren",45,"FR","Carbondale (HS)","2:00.57","1:59.93",NA,0,0,"Girls 200 Yard Freestyle","IL"
"80","Cook, Samantha",46,"FR","Champaign (Central)","1:57.95","2:02.40",NA,0,0,"Girls 200 Yard Freestyle","IL"
"81","Nainyte, Laura",47,"JR","Palos Hills (Stagg)","2:00.05","2:02.50",NA,0,0,"Girls 200 Yard Freestyle","IL"
"82","Dunn, Callahan",1,"SR","LaGrange (Lyons)","2:06.29","2:01.24",NA,0,0,"Girls 200 Yard IM","IL"
"83","Mollin, Nina",2,"SO","Schaumburg (HS)","2:03.11","2:03.30",NA,0,0,"Girls 200 Yard IM","IL"
"84","Parkinson, Maxine",3,"SR","Naperville (Neuqua Valley)","2:06.70","2:03.75",NA,0,0,"Girls 200 Yard IM","IL"
"85","Collins, Paige",4,"JR","Naperville (Central)","2:04.55","2:04.66",NA,0,0,"Girls 200 Yard IM","IL"
"86","Heimstead, Julia",5,"SR","Normal (Community)","2:07.65","2:04.72",NA,0,0,"Girls 200 Yard IM","IL"
"87","Brault, Elyssa",6,"JR","Aurora (Rosary)","2:05.78","2:05.20",NA,0,0,"Girls 200 Yard IM","IL"
"88","Pelzek, Greta",7,"JR","Winnetka (New Trier)","2:04.58","2:05.50",NA,0,0,"Girls 200 Yard IM","IL"
"89","Brede, Chloe",8,"SO","Trenton (Wesclin)","2:05.87","2:05.52",NA,0,0,"Girls 200 Yard IM","IL"
"90","Sego, Kelly",9,"SR","West Chicago (HS) [Coop]","2:05.50","2:05.58",NA,0,0,"Girls 200 Yard IM","IL"
"91","Huggins, Madeline",10,"JR","Carbondale (HS)","2:08.33","2:06.24",NA,0,0,"Girls 200 Yard IM","IL"
"92","Baxter, Payton",11,"JR","St Charles (North)","2:04.39","2:06.25",NA,0,0,"Girls 200 Yard IM","IL"
"93","Szadorski, Alexa",12,"JR","Oswego (East) [Coop]","2:06.88","2:06.46",NA,0,0,"Girls 200 Yard IM","IL"
"94","Reader, Lilian",13,"SO","Barrington","2:05.69","2:06.66",NA,0,0,"Girls 200 Yard IM","IL"
"95","Pickering, Kendall",14,"FR","Hinsdale (Central)","2:07.97","2:06.99",NA,0,0,"Girls 200 Yard IM","IL"
"96","Jania, Mary",15,"SR","St Charles (East)","2:04.93","2:07.33",NA,0,0,"Girls 200 Yard IM","IL"
"97","Cao, Elizabeth",16,"JR","Lincolnshire (Stevenson)","2:07.20","2:07.38",NA,0,0,"Girls 200 Yard IM","IL"
"98","Pytel, Izzy",17,"JR","Aurora (Rosary)","2:05.27","2:07.60",NA,0,0,"Girls 200 Yard IM","IL"
"99","Messina, Angelina",17,"SO","St Charles (North)","2:06.34","2:07.60",NA,0,0,"Girls 200 Yard IM","IL"
"100","Schiml, Madison",19,"SR","Chicago (St Ignatius)","2:07.03","2:07.97",NA,0,0,"Girls 200 Yard IM","IL"
"101","Szadorski, Abby",20,"JR","Oswego (East) [Coop]","2:06.81","2:08.10",NA,0,0,"Girls 200 Yard IM","IL"
"102","Kuehn, Sophia",21,"SR","Palatine (Fremd)","2:05.24","2:08.14",NA,0,0,"Girls 200 Yard IM","IL"
"103","Sego, Ashley",22,"SO","West Chicago (HS) [Coop]","2:07.26","2:08.27",NA,0,0,"Girls 200 Yard IM","IL"
"104","Kasemets, Adry",23,"JR","Mundelein (HS)","2:05.79","2:08.36",NA,0,0,"Girls 200 Yard IM","IL"
"105","Richardson, Audrey",24,"SR","Winnetka (New Trier)","2:08.15","2:08.62",NA,0,0,"Girls 200 Yard IM","IL"
"106","Kramer, Carrie",25,"FR","Hinsdale (Central)","2:06.70","2:08.92",NA,0,0,"Girls 200 Yard IM","IL"
"107","Mollin, Hana",26,"SR","Schaumburg (HS)","2:06.64","2:09.59",NA,0,0,"Girls 200 Yard IM","IL"
"108","Foltz, Caroline",27,"FR","Salem","2:09.46","2:09.80",NA,0,0,"Girls 200 Yard IM","IL"
"109","Osga, Teagan",28,"SO","Oak Park (OP-River Forest)","2:08.65","2:10.66",NA,0,0,"Girls 200 Yard IM","IL"
"110","Skatchkov, Alexsandra",29,"SR","Vernon Hills","2:07.80","2:10.72",NA,0,0,"Girls 200 Yard IM","IL"
"111","Krisch, Kellsie",30,"SR","Bartlett [Coop]","2:08.80","2:11.23",NA,0,0,"Girls 200 Yard IM","IL"
"112","Szymanski, Madi",31,"SO","Chicago (St Ignatius)","2:07.31","2:12.45",NA,0,0,"Girls 200 Yard IM","IL"
"113","Kilmer, Audrey",32,"FR","Byron [Coop]","2:10.93","2:13.31",NA,0,0,"Girls 200 Yard IM","IL"
"114","Vogt, Stephanie",33,"FR","Tinley Park (Andrew)","2:11.78","2:13.70",NA,0,0,"Girls 200 Yard IM","IL"
"115","Weaver, Taylor",34,"JR","Dunlap [Coop]","2:10.86","2:13.71",NA,0,0,"Girls 200 Yard IM","IL"
"116","Cichon, Bella",35,"FR","New Lenox (Lincoln-Way West)","2:14.39","2:20.44",NA,0,0,"Girls 200 Yard IM","IL"
"117","Cooper, Grace",1,"SR","Oswego (East) [Coop]","23.20","22.43",NA,0,0,"Girls 50 Yard Freestyle","IL"
"118","Ma, Sally",2,"SO","Urbana (University)","23.17","23.30",NA,0,0,"Girls 50 Yard Freestyle","IL"
"119","Leubner, Molly",3,"SO","Oswego (East) [Coop]","23.39","23.33",NA,0,0,"Girls 50 Yard Freestyle","IL"
"120","Claesson, Emily",4,"SO","LaGrange (Lyons)","23.35","23.58",NA,0,0,"Girls 50 Yard Freestyle","IL"
"121","Drumm, Katie",5,"SR","Oak Park (Fenwick)","23.50","23.60",NA,0,0,"Girls 50 Yard Freestyle","IL"
"122","Puccini, Alexa",6,"SR","Naperville (Central)","24.14","23.62",NA,0,0,"Girls 50 Yard Freestyle","IL"
"123","Patterson, Aimee",7,"SR","Aurora (Metea Valley)","24.11","23.73",NA,0,0,"Girls 50 Yard Freestyle","IL"
"124","Gridley, Kaelyn",7,"SO","Winnetka (New Trier)","23.81","23.73",NA,0,0,"Girls 50 Yard Freestyle","IL"
"125","Shimada, Hannah",9,"SO","Chicago (Northside)","23.73","23.75",NA,0,0,"Girls 50 Yard Freestyle","IL"
"126","Caras, Nhia",10,"JR","Rockford (Boylan Catholic)","24.30","23.76",NA,0,0,"Girls 50 Yard Freestyle","IL"
"127","Schwengel, Alyssa",11,"JR","Barrington","23.57","23.78",NA,0,0,"Girls 50 Yard Freestyle","IL"
"128","McGowan, Keara",12,"JR","New Lenox (Lincoln-Way Central","23.92","23.83",NA,0,0,"Girls 50 Yard Freestyle","IL"
"129","Bushell, Josie",13,"SR","Edwardsville (HS)","23.98","23.90",NA,0,0,"Girls 50 Yard Freestyle","IL"
"130","Ciezczak, Megan",14,"JR","Naperville (Neuqua Valley)","23.93","23.92",NA,0,0,"Girls 50 Yard Freestyle","IL"
"131","Brainin, Summer",15,"JR","Chicago (St Ignatius)","23.84","23.98",NA,0,0,"Girls 50 Yard Freestyle","IL"
"132","Furmanek, Olivia",16,"JR","St Charles (East)","23.67","24.10",NA,0,0,"Girls 50 Yard Freestyle","IL"
"133","Willhite, Kellie",17,"SR","Aurora (Metea Valley)","24.03","24.11",NA,0,0,"Girls 50 Yard Freestyle","IL"
"134","Aviles, Genesis",18,"FR","Berwyn-Cicero (Morton)","23.82","24.14",NA,0,0,"Girls 50 Yard Freestyle","IL"
"135","Mahoney, Audrey",19,"SO","Downers Grove (South)","24.14","24.16",NA,0,0,"Girls 50 Yard Freestyle","IL"
"136","Sonnenberg, Karly",19,"JR","Plainfield (North) [Coop]","24.18","24.16",NA,0,0,"Girls 50 Yard Freestyle","IL"
"137","Fifer, Julia",21,"SO","St Charles (North)","23.49","24.18",NA,0,0,"Girls 50 Yard Freestyle","IL"
"138","Wolff, Mary",22,"SR","St Charles (North)","23.60","24.20",NA,0,0,"Girls 50 Yard Freestyle","IL"
"139","Moeller, Lea",23,"JR","New Lenox (Lincoln-Way West)","23.70","24.21",NA,0,0,"Girls 50 Yard Freestyle","IL"
"140","Robinson, Nya",24,"SO","Northbrook (Glenbrook North)","24.03","24.25",NA,0,0,"Girls 50 Yard Freestyle","IL"
"141","Rzeznik, Claudia",25,"SO","Lincolnshire (Stevenson)","23.79","24.29",NA,0,0,"Girls 50 Yard Freestyle","IL"
"142","Swartz, Lauren",26,"JR","St Charles (East)","23.62","24.33",NA,0,0,"Girls 50 Yard Freestyle","IL"
"143","Carlson, Amelia",27,"JR","Downers Grove (North)","24.26","24.38",NA,0,0,"Girls 50 Yard Freestyle","IL"
"144","Kachkin, Alexis",28,"SR","Glenview (Glenbrook South)","23.85","24.49",NA,0,0,"Girls 50 Yard Freestyle","IL"
"145","Updike, Ashley",29,"SR","Lake Forest (HS)","24.24","24.51",NA,0,0,"Girls 50 Yard Freestyle","IL"
"146","Sanderson, Jane",29,"SO","Winnetka (New Trier)","24.13","24.51",NA,0,0,"Girls 50 Yard Freestyle","IL"
"147","Paarlberg, Phoebe",31,"FR","Hinsdale (Central)","24.22","24.55",NA,0,0,"Girls 50 Yard Freestyle","IL"
"148","Segal, Sara",32,"SR","Oak Park (OP-River Forest)","23.94","24.56",NA,0,0,"Girls 50 Yard Freestyle","IL"
"149","Kurzydlo, Anna",33,"SR","Deerfield (HS)","24.28","24.57",NA,0,0,"Girls 50 Yard Freestyle","IL"
"150","Springer, Trinity",34,"SR","Gurnee (Warren)","24.08","24.64",NA,0,0,"Girls 50 Yard Freestyle","IL"
"151","Frighetto, Reese",35,"FR","Buffalo Grove","24.29","24.69",NA,0,0,"Girls 50 Yard Freestyle","IL"
"152","Morgan, Jasmine",35,"FR","Chicago (St Ignatius)","24.34","24.69",NA,0,0,"Girls 50 Yard Freestyle","IL"
"153","Pearson, Alicia",37,"SR","Frankfort (Lincoln-Way East)","24.31","24.71",NA,0,0,"Girls 50 Yard Freestyle","IL"
"154","Makarska, Katie",38,"SO","Lincolnshire (Stevenson)","24.04","24.80",NA,0,0,"Girls 50 Yard Freestyle","IL"
"155","Schultz, Madeline",39,"JR","Chicago (Mother McAuley)","24.29","24.82",NA,0,0,"Girls 50 Yard Freestyle","IL"
"156","Haerr, Olivia",40,"SO","Normal (University)","24.56","24.83",NA,0,0,"Girls 50 Yard Freestyle","IL"
"157","Surdyka, Stefanie",40,"JR","Buffalo Grove","24.33","24.83",NA,0,0,"Girls 50 Yard Freestyle","IL"
"158","McGuine, Sydney",42,"SR","Huntley","24.32","24.97",NA,0,0,"Girls 50 Yard Freestyle","IL"
"159","Heagy, Peyton",43,"SO","LaSalle (L-Peru) [Coop]","24.52","25.04",NA,0,0,"Girls 50 Yard Freestyle","IL"
"160","Calcagno, Isabella",44,"SR","Lemont (HS)","25.27","25.28",NA,0,0,"Girls 50 Yard Freestyle","IL"
"161","McNally, Erin",1,"SR","Winnetka (New Trier)","205.25","317.90",NA,0,0,"Girls 1 mtr Diving","IL"
"162","Riehs, Jane",2,"JR","Naperville (Neuqua Valley)","198.80","314.80",NA,0,0,"Girls 1 mtr Diving","IL"
"163","Hong, Hannah",3,"JR","Champaign (Centennial)","208.55","312.35",NA,0,0,"Girls 1 mtr Diving","IL"
"164","Jacobson, Elle",4,"FR","Naperville (Neuqua Valley)","208.75","311.55",NA,0,0,"Girls 1 mtr Diving","IL"
"165","Posso, Anais",5,"JR","Palatine (HS)","194.50","309.20",NA,0,0,"Girls 1 mtr Diving","IL"
"166","Ruff, Yasmin",6,"SR","Oak Park (OP-River Forest)","201.50","307.35",NA,0,0,"Girls 1 mtr Diving","IL"
"167","Landis, Allison",7,"SR","Vernon Hills","200.30","304.45",NA,0,0,"Girls 1 mtr Diving","IL"
"168","Manos, Abby",7,"SO","Chicago (Mother McAuley)","188.90","304.45",NA,0,0,"Girls 1 mtr Diving","IL"
"169","Lipsey, Katie",9,"SR","Winnetka (New Trier)","205.40","303.20",NA,0,0,"Girls 1 mtr Diving","IL"
"170","King, Anna",10,"SR","Barrington","192.10","301.35",NA,0,0,"Girls 1 mtr Diving","IL"
"171","Ordway, Lucy",11,"JR","Barrington","198.10","299.60",NA,0,0,"Girls 1 mtr Diving","IL"
"172","Tischke, Roslyn",12,"JR","Hinsdale (Central)","196.40","297.30",NA,0,0,"Girls 1 mtr Diving","IL"
"173","Hamilton, Cameron",13,"SR","Libertyville","194.40","293.85",NA,0,0,"Girls 1 mtr Diving","IL"
"174","Mitchell, Kate",14,"SO","Frankfort (Lincoln-Way East)","204.05","292.70",NA,0,0,"Girls 1 mtr Diving","IL"
"175","O'Mera, Maddie",15,"SO","Glenview (Glenbrook South)","188.45","289.05",NA,0,0,"Girls 1 mtr Diving","IL"
"176","Stadler, Jacki",16,"FR","Glenview (Glenbrook South)","186.40","279.30",NA,0,0,"Girls 1 mtr Diving","IL"
"177","Jacobson, Elle",1,"FR","Naperville (Neuqua Valley)","457.50","208.75",NA,0,0,"Girls 1 mtr Diving","IL"
"178","Hong, Hannah",2,"JR","Champaign (Centennial)","504.25","208.55",NA,0,0,"Girls 1 mtr Diving","IL"
"179","Lipsey, Katie",3,"SR","Winnetka (New Trier)","452.80","205.40",NA,0,0,"Girls 1 mtr Diving","IL"
"180","McNally, Erin",4,"SR","Winnetka (New Trier)","468.50","205.25",NA,0,0,"Girls 1 mtr Diving","IL"
"181","Mitchell, Kate",5,"SO","Frankfort (Lincoln-Way East)","430.10","204.05",NA,0,0,"Girls 1 mtr Diving","IL"
"182","Ruff, Yasmin",6,"SR","Oak Park (OP-River Forest)","456.40","201.50",NA,0,0,"Girls 1 mtr Diving","IL"
"183","Landis, Allison",7,"SR","Vernon Hills","464.80","200.30",NA,0,0,"Girls 1 mtr Diving","IL"
"184","Riehs, Jane",8,"JR","Naperville (Neuqua Valley)","469.00","198.80",NA,0,0,"Girls 1 mtr Diving","IL"
"185","Ordway, Lucy",9,"JR","Barrington","421.95","198.10",NA,0,0,"Girls 1 mtr Diving","IL"
"186","Tischke, Roslyn",10,"JR","Hinsdale (Central)","495.45","196.40",NA,0,0,"Girls 1 mtr Diving","IL"
"187","Posso, Anais",11,"JR","Palatine (HS)","469.85","194.50",NA,0,0,"Girls 1 mtr Diving","IL"
"188","Hamilton, Cameron",12,"SR","Libertyville","409.35","194.40",NA,0,0,"Girls 1 mtr Diving","IL"
"189","King, Anna",13,"SR","Barrington","496.25","192.10",NA,0,0,"Girls 1 mtr Diving","IL"
"190","Manos, Abby",14,"SO","Chicago (Mother McAuley)","490.40","188.90",NA,0,0,"Girls 1 mtr Diving","IL"
"191","O'Mera, Maddie",15,"SO","Glenview (Glenbrook South)","437.45","188.45",NA,0,0,"Girls 1 mtr Diving","IL"
"192","Stadler, Jacki",16,"FR","Glenview (Glenbrook South)","440.95","186.40",NA,0,0,"Girls 1 mtr Diving","IL"
"193","Weber, Anya",17,"SR","Normal (Community)","448.60","185.80",NA,0,0,"Girls 1 mtr Diving","IL"
"194","Lennon, Ellie",18,"SR","Chicago (St Ignatius)","435.35","185.60",NA,0,0,"Girls 1 mtr Diving","IL"
"195","Long, Laci",19,"SO","Byron [Coop]","419.55","185.35",NA,0,0,"Girls 1 mtr Diving","IL"
"196","Ciota, Chesine",20,"FR","Northbrook (Glenbrook North)","447.20","184.55",NA,0,0,"Girls 1 mtr Diving","IL"
"197","Hawksworth, Abby",21,"SO","New Lenox (Lincoln-Way Central","429.15","183.95",NA,0,0,"Girls 1 mtr Diving","IL"
"198","Longdon, Avery",22,"SR","Vernon Hills","407.85","181.00",NA,0,0,"Girls 1 mtr Diving","IL"
"199","Puglisi, Taylor",23,"SR","Moline (HS)","483.15","180.60",NA,0,0,"Girls 1 mtr Diving","IL"
"200","Mavon, Avery",24,"JR","LaGrange (Lyons)","427.80","180.40",NA,0,0,"Girls 1 mtr Diving","IL"
"201","Lobrillo, Jilian",25,"SO","St Charles (East)","424.20","178.80",NA,0,0,"Girls 1 mtr Diving","IL"
"202","Blumenfeld, Allyson",26,"SO","Arlington Heights (Hersey)","428.80","178.45",NA,0,0,"Girls 1 mtr Diving","IL"
"203","Modica, Marlena",27,"FR","Elmhurst (York)","385.75","178.25",NA,0,0,"Girls 1 mtr Diving","IL"
"204","Noble, Elizabeth",28,"SR","Bradley (B-Bourbonnais)","404.50","177.65",NA,0,0,"Girls 1 mtr Diving","IL"
"205","Pianfetti, Emme",29,"JR","Champaign (Centennial)","442.80","176.60",NA,0,0,"Girls 1 mtr Diving","IL"
"206","Teuscher, Kayla",30,"SO","Hinsdale (Central)","435.90","175.60",NA,0,0,"Girls 1 mtr Diving","IL"
"207","Loquercio, Jenna",30,"SR","Wilmette (Loyola Academy)","424.70","175.60",NA,0,0,"Girls 1 mtr Diving","IL"
"208","Boulware, Nataya",32,"SO","Bloomington (HS)","433.00","175.50",NA,0,0,"Girls 1 mtr Diving","IL"
"209","Sinha, Shreeya",33,"SO","Lincolnshire (Stevenson)","451.00","175.30",NA,0,0,"Girls 1 mtr Diving","IL"
"210","Meirmanova, Regina",34,"JR","Chicago (Taft)","514.90","175.10",NA,0,0,"Girls 1 mtr Diving","IL"
"211","DeCook, Payton",35,"SO","Mt Prospect (Prospect)","449.40","174.75",NA,0,0,"Girls 1 mtr Diving","IL"
"212","Aikman, Sydney",36,"SR","Palatine (HS)","430.70","174.65",NA,0,0,"Girls 1 mtr Diving","IL"
"213","Udziela, Andrea",37,"SR","LaGrange (Lyons)","431.65","174.20",NA,0,0,"Girls 1 mtr Diving","IL"
"214","Smithson, Amelie",38,"SR","Arlington Heights (Hersey)","447.70","173.70",NA,0,0,"Girls 1 mtr Diving","IL"
"215","Jones, Murphy",39,"SR","Deerfield (HS)","427.20","173.65",NA,0,0,"Girls 1 mtr Diving","IL"
"216","Atkins, Ava",40,"SR","St Charles (North)","438.60","170.65",NA,0,0,"Girls 1 mtr Diving","IL"
"217","Jenkins, Julia",41,"SR","Washington [Coop]","436.00","167.95",NA,0,0,"Girls 1 mtr Diving","IL"
"218","Giglio, Madison",42,"SR","Orland Park (Sandburg)","446.20","166.35",NA,0,0,"Girls 1 mtr Diving","IL"
"219","Wilson, Vivian",43,"SR","Buffalo Grove","420.10","164.30",NA,0,0,"Girls 1 mtr Diving","IL"
"220","Gibbs, Abigail",44,"JR","Oak Park (OP-River Forest)","409.85","163.85",NA,0,0,"Girls 1 mtr Diving","IL"
"221","Karsten, Gillian",45,"JR","Buffalo Grove","417.35","160.60",NA,0,0,"Girls 1 mtr Diving","IL"
"222","Schimick, Rebekkah",46,"SR","New Lenox (Lincoln-Way Central","411.40","160.05",NA,0,0,"Girls 1 mtr Diving","IL"
"223","Custardo, Caraline",47,"SO","Darien (Hinsdale South)","413.45","159.95",NA,0,0,"Girls 1 mtr Diving","IL"
"224","Ilsley, Elise",48,"JR","Springfield (Sacred Heart-Grif","363.05","155.70",NA,0,0,"Girls 1 mtr Diving","IL"
"225","Stone, McKenna",1,"JR","Aurora (Metea Valley)","54.07","53.27",NA,0,0,"Girls 100 Yard Butterfly","IL"
"226","Collins, Paige",2,"JR","Naperville (Central)","54.83","54.89",NA,0,0,"Girls 100 Yard Butterfly","IL"
"227","Broaders, Reed",3,"JR","Urbana (University)","55.33","54.99",NA,0,0,"Girls 100 Yard Butterfly","IL"
"228","Merk, Lindsey",4,"SR","Lockport (Twp)","56.73","55.00",NA,0,0,"Girls 100 Yard Butterfly","IL"
"229","Pelzek, Greta",5,"JR","Winnetka (New Trier)","55.26","55.02",NA,0,0,"Girls 100 Yard Butterfly","IL"
"230","Heimstead, Julia",6,"SR","Normal (Community)","56.51","55.25",NA,0,0,"Girls 100 Yard Butterfly","IL"
"231","Puccini, Alexa",7,"SR","Naperville (Central)","57.00","55.25",NA,0,0,"Girls 100 Yard Butterfly","IL"
"232","Kershner, Samantha",8,"SR","Plainfield (North) [Coop]","56.17","55.92",NA,0,0,"Girls 100 Yard Butterfly","IL"
"233","Wendel, Leslie",9,"SO","Winnetka (New Trier)","55.91","56.07",NA,0,0,"Girls 100 Yard Butterfly","IL"
"234","Padavic, Madeline",10,"JR","Downers Grove (South)","56.76","56.19",NA,0,0,"Girls 100 Yard Butterfly","IL"
"235","Tiv, Kira",11,"SR","Chicago (St Ignatius)","56.01","56.23",NA,0,0,"Girls 100 Yard Butterfly","IL"
"236","Binkowski, Braelyn",12,"SR","Frankfort (Lincoln-Way East)","58.60","56.47",NA,0,0,"Girls 100 Yard Butterfly","IL"
"237","Gruvberger, Anna",13,"SR","Hinsdale (Central)","57.12","56.48",NA,0,0,"Girls 100 Yard Butterfly","IL"
"238","Komoto, Megumi",14,"JR","Hoffman Estates (Conant)","56.29","56.75",NA,0,0,"Girls 100 Yard Butterfly","IL"
"239","Consiglio, Lily",15,"SO","Evanston (Twp)","55.85","56.81",NA,0,0,"Girls 100 Yard Butterfly","IL"
"240","Pytel, Izzy",16,"JR","Aurora (Rosary)","57.53","56.87",NA,0,0,"Girls 100 Yard Butterfly","IL"
"241","Wilson, Jillian",17,"SO","St Charles (North)","56.72","57.04",NA,0,0,"Girls 100 Yard Butterfly","IL"
"242","Brede, Chloe",18,"SO","Trenton (Wesclin)","56.80","57.07",NA,0,0,"Girls 100 Yard Butterfly","IL"
"243","Drumm, Lindsey",18,"SO","Oak Park (Fenwick)","56.72","57.07",NA,0,0,"Girls 100 Yard Butterfly","IL"
"244","Nyborg, Jessica",20,"JR","Lincolnshire (Stevenson)","56.83","57.09",NA,0,0,"Girls 100 Yard Butterfly","IL"
"245","Zhang, Emma",21,"SO","Vernon Hills","57.68","57.12",NA,0,0,"Girls 100 Yard Butterfly","IL"
"246","Szadorski, Alexa",22,"JR","Oswego (East) [Coop]","56.90","57.16",NA,0,0,"Girls 100 Yard Butterfly","IL"
"247","DelRosario, Izabella",23,"SR","St Charles (North)","57.00","57.33",NA,0,0,"Girls 100 Yard Butterfly","IL"
"248","Asay, Olivia",24,"SO","Downers Grove (North)","57.12","57.36",NA,0,0,"Girls 100 Yard Butterfly","IL"
"249","Pritchett, Emma",25,"JR","Barrington","57.21","57.48",NA,0,0,"Girls 100 Yard Butterfly","IL"
"250","Mitchell, Megan",26,"SR","LaGrange (Lyons)","57.52","57.49",NA,0,0,"Girls 100 Yard Butterfly","IL"
"251","Rzeznik, Claudia",27,"SO","Lincolnshire (Stevenson)","55.55","57.52",NA,0,0,"Girls 100 Yard Butterfly","IL"
"252","Meng, Sophie",28,"SO","Naperville (Neuqua Valley)","57.58","57.63",NA,0,0,"Girls 100 Yard Butterfly","IL"
"253","Joachim, Kendra",29,"SR","Lake Forest (HS)","57.14","57.65",NA,0,0,"Girls 100 Yard Butterfly","IL"
"254","Young, Ella",30,"SO","Huntley","57.21","57.78",NA,0,0,"Girls 100 Yard Butterfly","IL"
"255","Bastian, Sophie",31,"SR","Aurora (West Aurora)","57.09","58.00",NA,0,0,"Girls 100 Yard Butterfly","IL"
"256","Orucevic, Emsela",32,"JR","Glenview (Glenbrook South)","56.82","58.57",NA,0,0,"Girls 100 Yard Butterfly","IL"
"257","Drumm, Katie",33,"SR","Oak Park (Fenwick)","56.15","58.71",NA,0,0,"Girls 100 Yard Butterfly","IL"
"258","Skatchkov, Alexsandra",34,"SR","Vernon Hills","56.98","58.95",NA,0,0,"Girls 100 Yard Butterfly","IL"
"259","Schilling, Kate",35,"SO","Byron [Coop]","58.75","59.95",NA,0,0,"Girls 100 Yard Butterfly","IL"
"260","Lopez, Gabriella",36,"SR","Moline (HS)","59.80","1:00.10",NA,0,0,"Girls 100 Yard Butterfly","IL"
"261","Cooper, Grace",1,"SR","Oswego (East) [Coop]","51.26","49.17",NA,0,0,"Girls 100 Yard Freestyle","IL"
"262","Novelline, Carly",2,"SO","Winnetka (New Trier)","51.21","49.49",NA,0,0,"Girls 100 Yard Freestyle","IL"
"263","Ruan, Tiffanie",3,"JR","Naperville (Neuqua Valley)","51.45","50.65",NA,0,0,"Girls 100 Yard Freestyle","IL"
"264","Leubner, Molly",4,"SO","Oswego (East) [Coop]","51.38","50.85",NA,0,0,"Girls 100 Yard Freestyle","IL"
"265","Davis, Jessica",5,"SR","Plainfield (North) [Coop]","51.78","51.02",NA,0,0,"Girls 100 Yard Freestyle","IL"
"266","Shimada, Hannah",6,"SO","Chicago (Northside)","51.34","51.13",NA,0,0,"Girls 100 Yard Freestyle","IL"
"267","Ma, Sally",7,"SO","Urbana (University)","51.13","51.17",NA,0,0,"Girls 100 Yard Freestyle","IL"
"268","Geriane, Jessica",8,"JR","Aurora (Rosary)","51.64","51.19",NA,0,0,"Girls 100 Yard Freestyle","IL"
"269","Tracy, Julieta",9,"FR","Chicago (St Ignatius)","51.15","51.23",NA,0,0,"Girls 100 Yard Freestyle","IL"
"270","Bushell, Josie",10,"SR","Edwardsville (HS)","51.49","51.32",NA,0,0,"Girls 100 Yard Freestyle","IL"
"271","Claesson, Emily",11,"SO","LaGrange (Lyons)","51.16","51.57",NA,0,0,"Girls 100 Yard Freestyle","IL"
"272","Ohr, Joelle",11,"SR","Winnetka (New Trier)","51.34","51.57",NA,0,0,"Girls 100 Yard Freestyle","IL"
"273","Long, Erin",13,"JR","Evanston (Twp)","51.26","51.62",NA,0,0,"Girls 100 Yard Freestyle","IL"
"274","McGowan, Keara",14,"JR","New Lenox (Lincoln-Way Central","52.00","51.79",NA,0,0,"Girls 100 Yard Freestyle","IL"
"275","Bludgen, Laurel",15,"SR","Aurora (Metea Valley)","52.73","52.15",NA,0,0,"Girls 100 Yard Freestyle","IL"
"276","Eastmond, Alexandra",16,"JR","Lincolnshire (Stevenson)","51.85","52.27",NA,0,0,"Girls 100 Yard Freestyle","IL"
"277","Tuerk, Eleanor",17,"SR","LaGrange (Lyons)","52.35","52.34",NA,0,0,"Girls 100 Yard Freestyle","IL"
"278","Kaner, Michelle",18,"FR","Des Plaines (Maine West)","52.23","52.50",NA,0,0,"Girls 100 Yard Freestyle","IL"
"279","Bucaro, Emily",19,"SO","Barrington","52.42","52.51",NA,0,0,"Girls 100 Yard Freestyle","IL"
"280","Quinones, Melanie",20,"JR","Hinsdale (Central)","51.63","52.57",NA,0,0,"Girls 100 Yard Freestyle","IL"
"281","Selig, Jorie",21,"SR","Downers Grove (South)","52.34","52.63",NA,0,0,"Girls 100 Yard Freestyle","IL"
"282","Lee, Lauren",22,"SR","Aurora (Waubonsie Valley)","52.12","52.77",NA,0,0,"Girls 100 Yard Freestyle","IL"
"283","Wolff, Mary",22,"SR","St Charles (North)","51.43","52.77",NA,0,0,"Girls 100 Yard Freestyle","IL"
"284","Escalante, Elena",24,"SR","Chicago (Lane)","52.10","52.96",NA,0,0,"Girls 100 Yard Freestyle","IL"
"285","Maxwell, Sydney",25,"SR","St Charles (North)","52.47","52.98",NA,0,0,"Girls 100 Yard Freestyle","IL"
"286","Updike, Ashley",26,"SR","Lake Forest (HS)","52.41","53.27",NA,0,0,"Girls 100 Yard Freestyle","IL"
"287","Kurzydlo, Anna",27,"SR","Deerfield (HS)","52.90","53.34",NA,0,0,"Girls 100 Yard Freestyle","IL"
"288","Winter, Kristina",28,"SR","Frankfort (Lincoln-Way East)","52.88","53.44",NA,0,0,"Girls 100 Yard Freestyle","IL"
"289","Cushing, Ali",29,"JR","Rockford (Auburn)","52.91","53.45",NA,0,0,"Girls 100 Yard Freestyle","IL"
"290","Carlson, Amelia",30,"JR","Downers Grove (North)","52.86","53.67",NA,0,0,"Girls 100 Yard Freestyle","IL"
"291","Murray, Hannah",31,"SR","St Charles (East)","52.27","53.73",NA,0,0,"Girls 100 Yard Freestyle","IL"
"292","Mruk, Sophia",32,"SO","St Charles (East)","52.75","53.85",NA,0,0,"Girls 100 Yard Freestyle","IL"
"293","O'Donnell, Maddy",33,"SR","Lincolnshire (Stevenson)","52.42","53.88",NA,0,0,"Girls 100 Yard Freestyle","IL"
"294","Surdyka, Stefanie",34,"JR","Buffalo Grove","52.84","54.01",NA,0,0,"Girls 100 Yard Freestyle","IL"
"295","Kachkin, Alexis",35,"SR","Glenview (Glenbrook South)","52.50","54.36",NA,0,0,"Girls 100 Yard Freestyle","IL"
"296","Heagy, Peyton",36,"SO","LaSalle (L-Peru) [Coop]","53.44","54.75",NA,0,0,"Girls 100 Yard Freestyle","IL"
"297","Izzo, Mary",37,"SO","Riverside (R-Brookfield)","53.25","54.78",NA,0,0,"Girls 100 Yard Freestyle","IL"
"298","Szymanski, Madi",38,"SO","Chicago (St Ignatius)","52.76","55.14",NA,0,0,"Girls 100 Yard Freestyle","IL"
"299","Bazan, Caroline",39,"SR","Normal (University)","54.92","55.26",NA,0,0,"Girls 100 Yard Freestyle","IL"
"300","Bogdan, Hayley",40,"SO","Lockport (Twp)","55.38","55.87",NA,0,0,"Girls 100 Yard Freestyle","IL"
"301","Schneider, Kit",NA,"FR","Hinsdale (Central)",NA,NA,NA,0,1,"Girls 100 Yard Freestyle","IL"
"302","Stege, Rachel",1,"JR","Naperville (Neuqua Valley)","4:51.93","4:44.87",NA,0,0,"Girls 500 Yard Freestyle","IL"
"303","Wagner, Annika",2,"SR","Park Ridge (Maine South)","4:58.90","4:51.95",NA,0,0,"Girls 500 Yard Freestyle","IL"
"304","Smith, Jane",3,"SR","Palatine (HS)","5:03.48","4:52.01",NA,0,0,"Girls 500 Yard Freestyle","IL"
"305","Graves, Maggie",4,"JR","Barrington","4:54.84","4:52.23",NA,0,0,"Girls 500 Yard Freestyle","IL"
"306","Taute, Abbey",5,"JR","Chicago (St Ignatius)","5:01.00","4:52.57",NA,0,0,"Girls 500 Yard Freestyle","IL"
"307","Reader, Lilian",6,"SO","Barrington","4:54.11","4:54.41",NA,0,0,"Girls 500 Yard Freestyle","IL"
"308","King, Mary",7,"FR","Lake Forest (HS)","4:54.62","4:56.89",NA,0,0,"Girls 500 Yard Freestyle","IL"
"309","Mitchell, Alexandra",8,"FR","Oak Park (OP-River Forest)","5:00.84","4:58.37",NA,0,0,"Girls 500 Yard Freestyle","IL"
"310","Kelly, Sydney",9,"SR","Bartlett [Coop]","4:59.94","4:58.43",NA,0,0,"Girls 500 Yard Freestyle","IL"
"311","Craffey, Casey",10,"JR","Vernon Hills","4:55.31","4:58.55",NA,0,0,"Girls 500 Yard Freestyle","IL"
"312","Wessel, Holly",11,"JR","Naperville (North)","4:58.71","4:58.67",NA,0,0,"Girls 500 Yard Freestyle","IL"
"313","Franckowiak, Kali",12,"SR","Plainfield (North) [Coop]","5:02.99","4:59.43",NA,0,0,"Girls 500 Yard Freestyle","IL"
"314","Mollin, Nina",13,"SO","Schaumburg (HS)","4:56.48","5:00.16",NA,0,0,"Girls 500 Yard Freestyle","IL"
"315","Guist, Corinne",14,"SO","Oswego (East) [Coop]","5:04.33","5:01.70",NA,0,0,"Girls 500 Yard Freestyle","IL"
"316","Prince, Piper",15,"FR","Chicago (St Ignatius)","5:05.94","5:01.96",NA,0,0,"Girls 500 Yard Freestyle","IL"
"317","Armstrong, Paige",16,"SO","St Charles (North)","5:01.89","5:04.76",NA,0,0,"Girls 500 Yard Freestyle","IL"
"318","Harder, Isabella",17,"SR","Naperville (Neuqua Valley)","5:03.02","5:04.83",NA,0,0,"Girls 500 Yard Freestyle","IL"
"319","Rey, Madison",18,"SR","Columbia","5:05.55","5:05.30",NA,0,0,"Girls 500 Yard Freestyle","IL"
"320","Rhodes, Samantha",19,"JR","Evanston (Twp)","5:08.05","5:07.05",NA,0,0,"Girls 500 Yard Freestyle","IL"
"321","Tokarz, Jennifer",20,"JR","Algonquin (Jacobs) [Coop]","5:05.89","5:07.51",NA,0,0,"Girls 500 Yard Freestyle","IL"
"322","Ruggles, Skylar",21,"JR","Oswego (East) [Coop]","5:07.12","5:07.59",NA,0,0,"Girls 500 Yard Freestyle","IL"
"323","Weigel, Samantha",22,"JR","Naperville (Central)","5:03.37","5:07.92",NA,0,0,"Girls 500 Yard Freestyle","IL"
"324","Perl, Evelyn",23,"SR","Flossmoor (Homewood-F)","5:08.38","5:07.94",NA,0,0,"Girls 500 Yard Freestyle","IL"
"325","Dorshorst, Olivia",24,"SO","Arlington Heights (St Viator)","5:06.68","5:11.71",NA,0,0,"Girls 500 Yard Freestyle","IL"
"326","Supple, Madison",25,"JR","St Charles (East)","5:05.40","5:11.98",NA,0,0,"Girls 500 Yard Freestyle","IL"
"327","Phillips, Mary",26,"SR","St Charles (North)","5:07.99","5:12.38",NA,0,0,"Girls 500 Yard Freestyle","IL"
"328","Kelly, Samantha",27,"SR","LaGrange (Lyons)","5:10.07","5:14.82",NA,0,0,"Girls 500 Yard Freestyle","IL"
"329","Walker, Brooke",28,"JR","Normal (University)","5:13.57","5:15.19",NA,0,0,"Girls 500 Yard Freestyle","IL"
"330","Wendel, Alexis",29,"SO","Winnetka (New Trier)","5:04.49","5:16.16",NA,0,0,"Girls 500 Yard Freestyle","IL"
"331","Greko, Sophia",30,"SO","Moline (HS)","5:10.00","5:17.02",NA,0,0,"Girls 500 Yard Freestyle","IL"
"332","Schilling, Kate",31,"SO","Byron [Coop]","5:12.93","5:17.19",NA,0,0,"Girls 500 Yard Freestyle","IL"
"333","Falsey, Jenna",32,"JR","Orland Park (Sandburg)","5:23.49","5:26.47",NA,0,0,"Girls 500 Yard Freestyle","IL"
"334","Cook, Samantha",33,"FR","Champaign (Central)","5:18.82","5:30.51",NA,0,0,"Girls 500 Yard Freestyle","IL"
"335",NA,1,NA,"Naperville (Neuqua Valley)","1:34.81","1:33.07",NA,0,0,"Girls 200 Yard Freestyle Relay","IL"
"336",NA,2,NA,"Oswego (East) [Coop]","1:34.81","1:33.20",NA,0,0,"Girls 200 Yard Freestyle Relay","IL"
"337",NA,3,NA,"Aurora (Metea Valley)","1:34.23","1:33.46",NA,0,0,"Girls 200 Yard Freestyle Relay","IL"
"338",NA,4,NA,"LaGrange (Lyons)","1:36.39","1:34.38",NA,0,0,"Girls 200 Yard Freestyle Relay","IL"
"339",NA,5,NA,"Downers Grove (South)","1:35.38","1:34.79",NA,0,0,"Girls 200 Yard Freestyle Relay","IL"
"340",NA,6,NA,"Winnetka (New Trier)","1:35.12","1:34.84",NA,0,0,"Girls 200 Yard Freestyle Relay","IL"
"341",NA,7,NA,"Chicago (St Ignatius)","1:35.52","1:35.28",NA,0,0,"Girls 200 Yard Freestyle Relay","IL"
"342",NA,8,NA,"Plainfield (North) [Coop]","1:35.73","1:35.56",NA,0,0,"Girls 200 Yard Freestyle Relay","IL"
"343",NA,9,NA,"Hinsdale (Central)","1:36.38","1:35.89",NA,0,0,"Girls 200 Yard Freestyle Relay","IL"
"344",NA,10,NA,"St Charles (North)","1:35.37","1:36.03",NA,0,0,"Girls 200 Yard Freestyle Relay","IL"
"345",NA,11,NA,"Naperville (Central)","1:36.67","1:36.05",NA,0,0,"Girls 200 Yard Freestyle Relay","IL"
"346",NA,12,NA,"St Charles (East)","1:35.54","1:36.19",NA,0,0,"Girls 200 Yard Freestyle Relay","IL"
"347",NA,13,NA,"Barrington","1:37.02","1:36.29",NA,0,0,"Girls 200 Yard Freestyle Relay","IL"
"348",NA,14,NA,"Evanston (Twp)","1:35.24","1:36.40",NA,0,0,"Girls 200 Yard Freestyle Relay","IL"
"349",NA,15,NA,"Lincolnshire (Stevenson)","1:36.13","1:37.01",NA,0,0,"Girls 200 Yard Freestyle Relay","IL"
"350",NA,16,NA,"Naperville (North)","1:36.67","1:37.21",NA,0,0,"Girls 200 Yard Freestyle Relay","IL"
"351",NA,17,NA,"Edwardsville (HS)","1:39.25","1:37.26",NA,0,0,"Girls 200 Yard Freestyle Relay","IL"
"352",NA,18,NA,"Bartlett [Coop]","1:37.10","1:37.54",NA,0,0,"Girls 200 Yard Freestyle Relay","IL"
"353",NA,19,NA,"Deerfield (HS)","1:37.59","1:38.19",NA,0,0,"Girls 200 Yard Freestyle Relay","IL"
"354",NA,20,NA,"Oak Park (OP-River Forest)","1:36.74","1:38.59",NA,0,0,"Girls 200 Yard Freestyle Relay","IL"
"355",NA,21,NA,"Oak Park (Fenwick)","1:36.50","1:38.89",NA,0,0,"Girls 200 Yard Freestyle Relay","IL"
"356",NA,22,NA,"Buffalo Grove","1:37.31","1:39.00",NA,0,0,"Girls 200 Yard Freestyle Relay","IL"
"357",NA,23,NA,"Downers Grove (North)","1:37.84","1:39.02",NA,0,0,"Girls 200 Yard Freestyle Relay","IL"
"358",NA,24,NA,"Rockford (Boylan Catholic)","1:40.45","1:39.51",NA,0,0,"Girls 200 Yard Freestyle Relay","IL"
"359",NA,25,"FR","Frankfort (Lincoln-Way East)","1:38.08","1:40.42",NA,0,0,"Girls 200 Yard Freestyle Relay","IL"
"360",NA,26,NA,"Normal (University)","1:39.14","1:40.98",NA,0,0,"Girls 200 Yard Freestyle Relay","IL"
"361",NA,27,NA,"Dunlap [Coop]","1:41.08","1:42.03",NA,0,0,"Girls 200 Yard Freestyle Relay","IL"
"362",NA,28,NA,"Orland Park (Sandburg)","1:41.32","1:42.37",NA,0,0,"Girls 200 Yard Freestyle Relay","IL"
"363",NA,29,NA,"Urbana (University)","1:42.45","1:43.04",NA,0,0,"Girls 200 Yard Freestyle Relay","IL"
"364","Novelline, Carly",1,"SO","Winnetka (New Trier)","55.34","53.80",NA,0,0,"Girls 100 Yard Backstroke","IL"
"365","Armstrong, Megan",2,"SR","St Charles (North)","55.84","55.00",NA,0,0,"Girls 100 Yard Backstroke","IL"
"366","Geriane, Jessica",3,"JR","Aurora (Rosary)","55.80","55.15",NA,0,0,"Girls 100 Yard Backstroke","IL"
"367","Broaders, Reed",4,"JR","Urbana (University)","57.44","55.60",NA,0,0,"Girls 100 Yard Backstroke","IL"
"368","Pickering, Kendall",5,"FR","Hinsdale (Central)","57.11","56.05",NA,0,0,"Girls 100 Yard Backstroke","IL"
"369","Kaner, Michelle",6,"FR","Des Plaines (Maine West)","56.25","56.07",NA,0,0,"Girls 100 Yard Backstroke","IL"
"370","Dohrn, Madison",7,"SO","Schaumburg (HS)","56.83","56.43",NA,0,0,"Girls 100 Yard Backstroke","IL"
"371","Mitchell, Megan",8,"SR","LaGrange (Lyons)","56.82","56.51",NA,0,0,"Girls 100 Yard Backstroke","IL"
"372","Sego, Kelly",9,"SR","West Chicago (HS) [Coop]","56.29","56.59",NA,0,0,"Girls 100 Yard Backstroke","IL"
"373","Ruggles, Skylar",10,"JR","Oswego (East) [Coop]","57.64","56.89",NA,0,0,"Girls 100 Yard Backstroke","IL"
"374","Hagemaster, Grace",11,"SO","Frankfort (Lincoln-Way East)","57.75","56.92",NA,0,0,"Girls 100 Yard Backstroke","IL"
"375","Eastmond, Alexandra",12,"JR","Lincolnshire (Stevenson)","56.33","57.04",NA,0,0,"Girls 100 Yard Backstroke","IL"
"376","McMeen, Eleanor",13,"JR","LaGrange (Lyons)","56.99","57.07",NA,0,0,"Girls 100 Yard Backstroke","IL"
"377","Binkowski, Braelyn",14,"SR","Frankfort (Lincoln-Way East)","57.43","57.17",NA,0,0,"Girls 100 Yard Backstroke","IL"
"378","Yetter, Molly",15,"JR","St Charles (East)","56.54","57.19",NA,0,0,"Girls 100 Yard Backstroke","IL"
"379","Osga, Teagan",16,"SO","Oak Park (OP-River Forest)","56.29","57.20",NA,0,0,"Girls 100 Yard Backstroke","IL"
"380","Merk, Lindsey",17,"SR","Lockport (Twp)","57.89","57.28",NA,0,0,"Girls 100 Yard Backstroke","IL"
"381","Cao, Elizabeth",18,"JR","Lincolnshire (Stevenson)","57.74","57.45",NA,0,0,"Girls 100 Yard Backstroke","IL"
"382","Yoon, Claudia",19,"JR","Vernon Hills","56.79","57.49",NA,0,0,"Girls 100 Yard Backstroke","IL"
"383","Michalek, Teagan",20,"SR","Naperville (Neuqua Valley)","57.59","57.77",NA,0,0,"Girls 100 Yard Backstroke","IL"
"384","Richardson, Audrey",21,"SR","Winnetka (New Trier)","57.09","57.93",NA,0,0,"Girls 100 Yard Backstroke","IL"
"385","Field, Madi",22,"SR","Glen Ellyn (Glenbard West) [Co","57.97","57.99",NA,0,0,"Girls 100 Yard Backstroke","IL"
"386","Kuehn, Sophia",23,"SR","Palatine (Fremd)","57.08","58.12",NA,0,0,"Girls 100 Yard Backstroke","IL"
"387","Finke, Amber",24,"SR","Carol Stream (Glenbard North)","58.43","58.18",NA,0,0,"Girls 100 Yard Backstroke","IL"
"388","Bike, Quinn",25,"SO","St Charles (North)","56.77","58.29",NA,0,0,"Girls 100 Yard Backstroke","IL"
"389","Ng, Amanda",26,"SO","Naperville (North)","57.78","58.32",NA,0,0,"Girls 100 Yard Backstroke","IL"
"390","Lumsden, Mollie",27,"SO","Arlington Heights (Hersey)","57.30","58.47",NA,0,0,"Girls 100 Yard Backstroke","IL"
"391","Pritchett, Emma",27,"JR","Barrington","58.08","58.47",NA,0,0,"Girls 100 Yard Backstroke","IL"
"392","Cakuls, Angelina",29,"JR","Oak Park (Fenwick)","56.86","58.48",NA,0,0,"Girls 100 Yard Backstroke","IL"
"393","Mollin, Hana",30,"SR","Schaumburg (HS)","57.54","58.50",NA,0,0,"Girls 100 Yard Backstroke","IL"
"394","Benoit, Hailey",31,"SO","Gurnee (Warren)","57.90","58.63",NA,0,0,"Girls 100 Yard Backstroke","IL"
"395","Mruk, Sophia",32,"SO","St Charles (East)","57.26","58.74",NA,0,0,"Girls 100 Yard Backstroke","IL"
"396","Hintz, Ashley",32,"JR","Arlington Heights (Hersey)","58.40","58.74",NA,0,0,"Girls 100 Yard Backstroke","IL"
"397","Gremaud, Phoebe",32,"JR","Edwardsville (HS)","58.45","58.74",NA,0,0,"Girls 100 Yard Backstroke","IL"
"398","Bevers, Grace",32,"SO","Gurnee (Warren)","57.29","58.74",NA,0,0,"Girls 100 Yard Backstroke","IL"
"399","McGuine, Sydney",36,"SR","Huntley","57.86","58.79",NA,0,0,"Girls 100 Yard Backstroke","IL"
"400","Racky, Baleigh",37,"FR","Oak Park (Fenwick)","57.50","58.90",NA,0,0,"Girls 100 Yard Backstroke","IL"
"401","Colvin, Gracie",38,"FR","Rockton (Hononegah)","58.89","59.26",NA,0,0,"Girls 100 Yard Backstroke","IL"
"402","O'Brien, Margaret",39,"JR","Palatine (HS)","57.86","59.47",NA,0,0,"Girls 100 Yard Backstroke","IL"
"403","Olivo, Annabel",40,"SO","Aurora (West Aurora)","58.38","59.71",NA,0,0,"Girls 100 Yard Backstroke","IL"
"404","Sreckovic, Alexa",41,"JR","Chicago (Latin)","58.94","59.90",NA,0,0,"Girls 100 Yard Backstroke","IL"
"405","Gindorf, Julia",42,"SR","Crystal Lake (South) [Coop]","58.42","1:00.03",NA,0,0,"Girls 100 Yard Backstroke","IL"
"406","Fitzgerald, Maura",43,"SO","Lisle (Benet Academy)","58.43","1:00.27",NA,0,0,"Girls 100 Yard Backstroke","IL"
"407","Weaver, Taylor",44,"JR","Dunlap [Coop]","58.85","1:00.45",NA,0,0,"Girls 100 Yard Backstroke","IL"
"408","Fudge, Hadley",45,"JR","Normal (University)","1:00.62","1:01.47",NA,0,0,"Girls 100 Yard Backstroke","IL"
"409","Jansen, Claire",NA,"SO","Naperville (North)",NA,NA,NA,0,1,"Girls 100 Yard Backstroke","IL"
"410","Schneider, Kit",NA,"FR","Hinsdale (Central)",NA,NA,NA,0,1,"Girls 100 Yard Backstroke","IL"
"411","Gridley, Kaelyn",1,"SO","Winnetka (New Trier)","1:03.01","1:00.89",NA,0,0,"Girls 100 Yard Breaststroke","IL"
"412","Kasemets, Adry",2,"JR","Mundelein (HS)","1:01.89","1:03.08",NA,0,0,"Girls 100 Yard Breaststroke","IL"
"413","Papanicholas, Maggie",3,"FR","Arlington Heights (Hersey)","1:03.52","1:03.10",NA,0,0,"Girls 100 Yard Breaststroke","IL"
"414","Gewalt, Eleni",4,"SO","Richmond (R-Burton)","1:04.58","1:03.20",NA,0,0,"Girls 100 Yard Breaststroke","IL"
"415","Parkinson, Maxine",5,"SR","Naperville (Neuqua Valley)","1:06.08","1:03.54",NA,0,0,"Girls 100 Yard Breaststroke","IL"
"416","Wille, Lauren",6,"SO","Oswego (East) [Coop]","1:05.47","1:03.87",NA,0,0,"Girls 100 Yard Breaststroke","IL"
"417","Huggins, Madeline",7,"JR","Carbondale (HS)","1:04.93","1:04.01",NA,0,0,"Girls 100 Yard Breaststroke","IL"
"418","Benge, Libby",8,"SR","Downers Grove (North)","1:04.47","1:04.10",NA,0,0,"Girls 100 Yard Breaststroke","IL"
"419","Brault, Elyssa",9,"JR","Aurora (Rosary)","1:04.93","1:04.45",NA,0,0,"Girls 100 Yard Breaststroke","IL"
"420","Jania, Mary",10,"SR","St Charles (East)","1:03.53","1:04.57",NA,0,0,"Girls 100 Yard Breaststroke","IL"
"421","Nyborg, Jessica",11,"JR","Lincolnshire (Stevenson)","1:04.24","1:04.73",NA,0,0,"Girls 100 Yard Breaststroke","IL"
"422","Jass, Sara",12,"SO","Aurora (Rosary)","1:05.34","1:05.20",NA,0,0,"Girls 100 Yard Breaststroke","IL"
"423","Scheiblein, Melanie",13,"SR","Downers Grove (South)","1:05.23","1:05.26",NA,0,0,"Girls 100 Yard Breaststroke","IL"
"424","Sego, Ashley",14,"SO","West Chicago (HS) [Coop]","1:03.99","1:05.45",NA,0,0,"Girls 100 Yard Breaststroke","IL"
"425","Kramer, Carrie",15,"FR","Hinsdale (Central)","1:05.23","1:05.73",NA,0,0,"Girls 100 Yard Breaststroke","IL"
"426","Meehan, Margaret",16,"JR","LaGrange (Lyons)","1:05.74","1:05.75",NA,0,0,"Girls 100 Yard Breaststroke","IL"
"427","Messina, Angelina",17,"SO","St Charles (North)","1:05.84","1:06.19",NA,0,0,"Girls 100 Yard Breaststroke","IL"
"428","Sanders, Jessica",18,"JR","Naperville (Central)","1:05.30","1:06.27",NA,0,0,"Girls 100 Yard Breaststroke","IL"
"429","Pearson, Ali",19,"JR","Normal (Community West)","1:06.69","1:06.51",NA,0,0,"Girls 100 Yard Breaststroke","IL"
"430","Schmidt, Cameryn",20,"SO","Naperville (North)","1:05.95","1:06.56",NA,0,0,"Girls 100 Yard Breaststroke","IL"
"431","Paradis, Andrea",21,"FR","Downers Grove (South)","1:05.88","1:06.59",NA,0,0,"Girls 100 Yard Breaststroke","IL"
"432","Jania, Rose",22,"FR","St Charles (East)","1:05.46","1:06.60",NA,0,0,"Girls 100 Yard Breaststroke","IL"
"433","Siwicki, Lucy",23,"SR","Aurora (Metea Valley)","1:05.81","1:06.83",NA,0,0,"Girls 100 Yard Breaststroke","IL"
"434","Baxter, Payton",24,"JR","St Charles (North)","1:05.61","1:06.85",NA,0,0,"Girls 100 Yard Breaststroke","IL"
"435","Foltz, Caroline",25,"FR","Salem","1:06.84","1:07.10",NA,0,0,"Girls 100 Yard Breaststroke","IL"
"436","Torres, Tabitha",26,"JR","Lisle (Benet Academy)","1:06.42","1:07.31",NA,0,0,"Girls 100 Yard Breaststroke","IL"
"437","Krisch, Kellsie",27,"SR","Bartlett [Coop]","1:05.70","1:07.34",NA,0,0,"Girls 100 Yard Breaststroke","IL"
"438","Segal, Sara",28,"SR","Oak Park (OP-River Forest)","1:06.76","1:07.46",NA,0,0,"Girls 100 Yard Breaststroke","IL"
"439","Sholl, Olivia",28,"SO","Rock Island (HS)","1:07.98","1:07.46",NA,0,0,"Girls 100 Yard Breaststroke","IL"
"440","Escasa, Charlize",30,"FR","Winnetka (New Trier)","1:05.85","1:07.59",NA,0,0,"Girls 100 Yard Breaststroke","IL"
"441","Symanski, Rowan",31,"SO","Chicago (Whitney Young)","1:07.32","1:07.65",NA,0,0,"Girls 100 Yard Breaststroke","IL"
"442","Claesson, Sarah",32,"SO","LaGrange (Lyons)","1:06.47","1:07.85",NA,0,0,"Girls 100 Yard Breaststroke","IL"
"443","Vogt, Stephanie",33,"FR","Tinley Park (Andrew)","1:06.63","1:07.93",NA,0,0,"Girls 100 Yard Breaststroke","IL"
"444","Cichon, Bella",34,"FR","New Lenox (Lincoln-Way West)","1:07.33","1:09.20",NA,0,0,"Girls 100 Yard Breaststroke","IL"
"445","Przytulski, Lydia",35,"SR","Rockford (Auburn)","1:09.49","1:10.69",NA,0,0,"Girls 100 Yard Breaststroke","IL"
"446",NA,1,NA,"Oswego (East) [Coop]","3:30.80","3:23.92",NA,0,0,"Girls 400 Yard Freestyle Relay","IL"
"447",NA,2,NA,"LaGrange (Lyons)","3:32.46","3:25.97",NA,0,0,"Girls 400 Yard Freestyle Relay","IL"
"448",NA,3,NA,"Aurora (Metea Valley)","3:29.72","3:26.10",NA,0,0,"Girls 400 Yard Freestyle Relay","IL"
"449",NA,4,NA,"Naperville (Neuqua Valley)","3:29.07","3:26.17",NA,0,0,"Girls 400 Yard Freestyle Relay","IL"
"450",NA,5,NA,"Winnetka (New Trier)","3:30.36","3:26.39",NA,0,0,"Girls 400 Yard Freestyle Relay","IL"
"451",NA,6,NA,"Chicago (St Ignatius)","3:27.78","3:26.72",NA,0,0,"Girls 400 Yard Freestyle Relay","IL"
"452",NA,7,NA,"Plainfield (North) [Coop]","3:31.23","3:28.46",NA,0,0,"Girls 400 Yard Freestyle Relay","IL"
"453",NA,8,NA,"Barrington","3:31.75","3:28.72",NA,0,0,"Girls 400 Yard Freestyle Relay","IL"
"454",NA,9,NA,"Aurora (Rosary)","3:31.28","3:29.02",NA,0,0,"Girls 400 Yard Freestyle Relay","IL"
"455",NA,10,NA,"St Charles (North)","3:29.99","3:29.65",NA,0,0,"Girls 400 Yard Freestyle Relay","IL"
"456",NA,11,NA,"Hinsdale (Central)","3:31.30","3:29.94",NA,0,0,"Girls 400 Yard Freestyle Relay","IL"
"457",NA,12,NA,"Evanston (Twp)","3:30.04","3:31.63",NA,0,0,"Girls 400 Yard Freestyle Relay","IL"
"458",NA,13,NA,"Downers Grove (South)","3:32.00","3:32.63",NA,0,0,"Girls 400 Yard Freestyle Relay","IL"
"459",NA,14,NA,"Lincolnshire (Stevenson)","3:31.34","3:32.99",NA,0,0,"Girls 400 Yard Freestyle Relay","IL"
"460",NA,15,NA,"Chicago (Lane)","3:34.31","3:33.30",NA,0,0,"Girls 400 Yard Freestyle Relay","IL"
"461",NA,16,NA,"St Charles (East)","3:31.39","3:34.07",NA,0,0,"Girls 400 Yard Freestyle Relay","IL"
"462",NA,17,NA,"Edwardsville (HS)","3:36.94","3:34.51",NA,0,0,"Girls 400 Yard Freestyle Relay","IL"
"463",NA,18,NA,"Schaumburg (HS)","3:32.34","3:34.67",NA,0,0,"Girls 400 Yard Freestyle Relay","IL"
"464",NA,18,NA,"Downers Grove (North)","3:32.05","3:34.67",NA,0,0,"Girls 400 Yard Freestyle Relay","IL"
"465",NA,20,NA,"Park Ridge (Maine South)","3:33.21","3:35.21",NA,0,0,"Girls 400 Yard Freestyle Relay","IL"
"466",NA,21,NA,"Naperville (Central)","3:32.38","3:35.27",NA,0,0,"Girls 400 Yard Freestyle Relay","IL"
"467",NA,22,NA,"Naperville (North)","3:33.17","3:35.28",NA,0,0,"Girls 400 Yard Freestyle Relay","IL"
"468",NA,23,NA,"Lake Forest (HS)","3:32.27","3:35.36",NA,0,0,"Girls 400 Yard Freestyle Relay","IL"
"469",NA,24,NA,"Deerfield (HS)","3:33.99","3:35.46",NA,0,0,"Girls 400 Yard Freestyle Relay","IL"
"470",NA,25,NA,"Bartlett [Coop]","3:34.57","3:36.03",NA,0,0,"Girls 400 Yard Freestyle Relay","IL"
"471",NA,26,"FR","Frankfort (Lincoln-Way East)","3:33.89","3:36.86",NA,0,0,"Girls 400 Yard Freestyle Relay","IL"
"472",NA,27,NA,"Oak Park (Fenwick)","3:31.70","3:37.01",NA,0,0,"Girls 400 Yard Freestyle Relay","IL"
"473",NA,28,NA,"Vernon Hills","3:33.08","3:39.54",NA,0,0,"Girls 400 Yard Freestyle Relay","IL"
"474",NA,29,NA,"Normal (Community West)","3:39.23","3:40.14",NA,0,0,"Girls 400 Yard Freestyle Relay","IL"
"475",NA,30,NA,"Lockport (Twp)","3:40.59","3:41.59",NA,0,0,"Girls 400 Yard Freestyle Relay","IL"
"476",NA,31,NA,"Byron [Coop]","3:38.12","3:43.17",NA,0,0,"Girls 400 Yard Freestyle Relay","IL"
"477",NA,32,NA,"Dunlap [Coop]","3:38.21","3:43.54",NA,0,0,"Girls 400 Yard Freestyle Relay","IL"
"478",NA,33,NA,"Champaign (Centennial)","3:46.41","3:50.87",NA,0,0,"Girls 400 Yard Freestyle Relay","IL"
"479","Heimstead, Julia",1,"SR","Normal (Community)","55.25","54.70",NA,0,0,"Girls 100 Yard Butterfly Swim-off","IL"
"480","Puccini, Alexa",2,"SR","Naperville (Central)","55.25","55.14",NA,0,0,"Girls 100 Yard Butterfly Swim-off","IL"
"481",NA,1,NA,"Hinsdale (Central)","1:32.28","1:31.31",NA,0,0,"Boys 200 Yard Medley Relay","IL"
"482",NA,1,NA,"Glenview (Glenbrook South)","1:31.59","1:31.31",NA,0,0,"Boys 200 Yard Medley Relay","IL"
"483",NA,3,NA,"Oak Park (O.P.-River Forest)","1:32.00","1:31.55",NA,0,0,"Boys 200 Yard Medley Relay","IL"
"484",NA,4,NA,"St. Charles (North)","1:32.56","1:31.81",NA,0,0,"Boys 200 Yard Medley Relay","IL"
"485",NA,5,NA,"Lincolnshire (Stevenson)","1:32.93","1:33.38",NA,0,0,"Boys 200 Yard Medley Relay","IL"
"486",NA,6,NA,"Aurora (Waubonsie Valley)","1:33.28","1:33.69",NA,0,0,"Boys 200 Yard Medley Relay","IL"
"487",NA,7,NA,"West Chicago (H.S.) [coop]","1:34.49","1:34.38",NA,0,0,"Boys 200 Yard Medley Relay","IL"
"488",NA,8,NA,"Aurora (Marmion Academy)","1:34.51","1:34.74",NA,0,0,"Boys 200 Yard Medley Relay","IL"
"489",NA,9,NA,"St Charles (East)-IL","1:35.32","1:34.79",NA,0,0,"Boys 200 Yard Medley Relay","IL"
"490",NA,10,NA,"Barrington","1:33.66","1:34.93",NA,0,0,"Boys 200 Yard Medley Relay","IL"
"491",NA,11,NA,"Naperville (North)","1:33.77","1:35.03",NA,0,0,"Boys 200 Yard Medley Relay","IL"
"492",NA,12,NA,"Oak Park (Fenwick)","1:34.30","1:35.09",NA,0,0,"Boys 200 Yard Medley Relay","IL"
"493",NA,1,NA,"Glenview (Glenbrook South)","1:33.70","1:31.59",NA,0,0,"Boys 200 Yard Medley Relay","IL"
"494",NA,2,NA,"Oak Park (O.P.-River Forest)","1:32.75","1:32.00",NA,0,0,"Boys 200 Yard Medley Relay","IL"
"495",NA,3,NA,"Hinsdale (Central)","1:32.89","1:32.28",NA,0,0,"Boys 200 Yard Medley Relay","IL"
"496",NA,4,NA,"St. Charles (North)","1:33.32","1:32.56",NA,0,0,"Boys 200 Yard Medley Relay","IL"
"497",NA,5,NA,"Lincolnshire (Stevenson)","1:31.78","1:32.93",NA,0,0,"Boys 200 Yard Medley Relay","IL"
"498",NA,6,NA,"Aurora (Waubonsie Valley)","1:35.01","1:33.28",NA,0,0,"Boys 200 Yard Medley Relay","IL"
"499",NA,7,NA,"Barrington","1:33.26","1:33.66",NA,0,0,"Boys 200 Yard Medley Relay","IL"
"500",NA,8,NA,"Naperville (North)","1:34.53","1:33.77",NA,0,0,"Boys 200 Yard Medley Relay","IL"
"501",NA,9,NA,"Oak Park (Fenwick)","1:34.59","1:34.30",NA,0,0,"Boys 200 Yard Medley Relay","IL"
"502",NA,10,NA,"West Chicago (H.S.) [coop]","1:33.85","1:34.49",NA,0,0,"Boys 200 Yard Medley Relay","IL"
"503",NA,11,NA,"Aurora (Marmion Academy)","1:34.31","1:34.51",NA,0,0,"Boys 200 Yard Medley Relay","IL"
"504",NA,12,NA,"St Charles (East)-IL","1:34.68","1:35.32",NA,0,0,"Boys 200 Yard Medley Relay","IL"
"505","Maurer, Luke",1,"SR","Wilmette (Loyola Academy)","1:34.49","1:36.35",NA,0,0,"Boys 200 Yard Freestyle","IL"
"506","Windle, Calvin",2,"JR","St Charles (East)-IL","1:38.62","1:36.95",NA,0,0,"Boys 200 Yard Freestyle","IL"
"507","Cynor, Quinton",3,"JR","Woodstock (North) [coop]","1:39.06","1:37.47",NA,0,0,"Boys 200 Yard Freestyle","IL"
"508","Millard, Austin",4,"JR","Oswego [coop]-IL","1:39.29","1:39.42",NA,0,0,"Boys 200 Yard Freestyle","IL"
"509","Maurer, Rex",5,"FR","Wilmette (Loyola Academy)","1:39.33","1:39.54",NA,0,0,"Boys 200 Yard Freestyle","IL"
"510","Raidt, Will",6,"SR","Oak Park (O.P.-River Forest)","1:39.37","1:41.61",NA,0,0,"Boys 200 Yard Freestyle","IL"
"511","Williams, Ricky",7,"SR","St. Charles (North)","1:40.34","1:40.30",NA,0,0,"Boys 200 Yard Freestyle","IL"
"512","Forrest, Brendan",8,"JR","Park Ridge (Maine South)","1:41.56","1:40.50",NA,0,0,"Boys 200 Yard Freestyle","IL"
"513","Flynn, Mike",9,"SO","Oak Park (Fenwick)","1:40.68","1:40.63",NA,0,0,"Boys 200 Yard Freestyle","IL"
"514","Conrads, Lucas",10,"JR","Aurora (Waubonsie Valley)","1:41.19","1:40.80",NA,0,0,"Boys 200 Yard Freestyle","IL"
"515","Moussally, Sami",11,"JR","Glenview (Glenbrook South)","1:39.85","1:40.83",NA,0,0,"Boys 200 Yard Freestyle","IL"
"516","Gallagher, Will",12,"SO","Darien (Hinsdale South)","1:41.89","1:41.46",NA,0,0,"Boys 200 Yard Freestyle","IL"
"517","Maurer, Luke",1,"SR","Wilmette (Loyola Academy)","1:39.24","1:34.49",NA,0,0,"Boys 200 Yard Freestyle","IL"
"518","Windle, Calvin",2,"JR","St Charles (East)-IL","1:39.21","1:38.62",NA,0,0,"Boys 200 Yard Freestyle","IL"
"519","Cynor, Quinton",3,"JR","Woodstock (North) [coop]","1:37.90","1:39.06",NA,0,0,"Boys 200 Yard Freestyle","IL"
"520","Millard, Austin",4,"JR","Oswego [coop]-IL","1:41.62","1:39.29",NA,0,0,"Boys 200 Yard Freestyle","IL"
"521","Maurer, Rex",5,"FR","Wilmette (Loyola Academy)","1:41.88","1:39.33",NA,0,0,"Boys 200 Yard Freestyle","IL"
"522","Raidt, Will",6,"SR","Oak Park (O.P.-River Forest)","1:41.58","1:39.37",NA,0,0,"Boys 200 Yard Freestyle","IL"
"523","Moussally, Sami",7,"JR","Glenview (Glenbrook South)","1:39.45","1:39.85",NA,0,0,"Boys 200 Yard Freestyle","IL"
"524","Williams, Ricky",8,"SR","St. Charles (North)","1:42.66","1:40.34",NA,0,0,"Boys 200 Yard Freestyle","IL"
"525","Flynn, Mike",9,"SO","Oak Park (Fenwick)","1:42.80","1:40.68",NA,0,0,"Boys 200 Yard Freestyle","IL"
"526","Conrads, Lucas",10,"JR","Aurora (Waubonsie Valley)","1:41.61","1:41.19",NA,0,0,"Boys 200 Yard Freestyle","IL"
"527","Forrest, Brendan",11,"JR","Park Ridge (Maine South)","1:41.35","1:41.56",NA,0,0,"Boys 200 Yard Freestyle","IL"
"528","Gallagher, Will",12,"SO","Darien (Hinsdale South)","1:43.62","1:41.89",NA,0,0,"Boys 200 Yard Freestyle","IL"
"529","Iida, Max",1,"JR","Glenview (Glenbrook South)","1:48.11","1:47.40",NA,0,0,"Boys 200 Yard IM","IL"
"530","Deshpande, Aayush",2,"SR","Aurora (Waubonsie Valley)","1:48.12","1:49.16",NA,0,0,"Boys 200 Yard IM","IL"
"531","Alderson, Justin",3,"SR","Metamora [coop]","1:49.39","1:49.45",NA,0,0,"Boys 200 Yard IM","IL"
"532","Filipovic, Srboljub",4,"SR","St. Charles (North)","1:51.96","1:51.30",NA,0,0,"Boys 200 Yard IM","IL"
"533","Young, Daniel",5,"SR","Park Ridge (Maine South)","1:50.71","1:51.70",NA,0,0,"Boys 200 Yard IM","IL"
"534","Andrew, Everet",6,"SR","Wilmette (Loyola Academy)","1:50.69","1:53.74",NA,0,0,"Boys 200 Yard IM","IL"
"535","Smolecki, Sebastian",7,"SR","Palos Hills (Stagg)","1:52.14","1:51.81",NA,0,0,"Boys 200 Yard IM","IL"
"536","Benington, Michael",8,"SR","Hinsdale (Central)","1:52.96","1:52.34",NA,0,0,"Boys 200 Yard IM","IL"
"537","Swigart, Camden",9,"SO","Normal (University)","1:53.51","1:54.46",NA,0,0,"Boys 200 Yard IM","IL"
"538","Dvorak, Alex",10,"SR","Plainfield (North) [coop]","1:53.58","1:54.62",NA,0,0,"Boys 200 Yard IM","IL"
"539","Daw, Alex",11,"SR","Hinsdale (Central)","1:53.19","1:55.21",NA,0,0,"Boys 200 Yard IM","IL"
"540","Wike, Jack",12,"SR","Sterling (H.S.) [coop]","1:53.24","1:56.64",NA,0,0,"Boys 200 Yard IM","IL"
"541","Iida, Max",1,"JR","Glenview (Glenbrook South)","1:53.04","1:48.11",NA,0,0,"Boys 200 Yard IM","IL"
"542","Deshpande, Aayush",2,"SR","Aurora (Waubonsie Valley)","1:54.49","1:48.12",NA,0,0,"Boys 200 Yard IM","IL"
"543","Alderson, Justin",3,"SR","Metamora [coop]","1:52.56","1:49.39",NA,0,0,"Boys 200 Yard IM","IL"
"544","Andrew, Everet",4,"SR","Wilmette (Loyola Academy)","1:55.64","1:50.69",NA,0,0,"Boys 200 Yard IM","IL"
"545","Young, Daniel",5,"SR","Park Ridge (Maine South)","1:51.49","1:50.71",NA,0,0,"Boys 200 Yard IM","IL"
"546","Filipovic, Srboljub",6,"SR","St. Charles (North)","1:54.76","1:51.96",NA,0,0,"Boys 200 Yard IM","IL"
"547","Smolecki, Sebastian",7,"SR","Palos Hills (Stagg)","1:53.04","1:52.14",NA,0,0,"Boys 200 Yard IM","IL"
"548","Benington, Michael",8,"SR","Hinsdale (Central)","1:52.68","1:52.96",NA,0,0,"Boys 200 Yard IM","IL"
"549","Daw, Alex",9,"SR","Hinsdale (Central)","1:55.90","1:53.19",NA,0,0,"Boys 200 Yard IM","IL"
"550","Wike, Jack",10,"SR","Sterling (H.S.) [coop]","1:54.14","1:53.24",NA,0,0,"Boys 200 Yard IM","IL"
"551","Swigart, Camden",11,"SO","Normal (University)","1:54.01","1:53.51",NA,0,0,"Boys 200 Yard IM","IL"
"552","Dvorak, Alex",12,"SR","Plainfield (North) [coop]","1:52.87","1:53.58",NA,0,0,"Boys 200 Yard IM","IL"
"553","Boyle, Connor",1,"JR","Naperville (Neuqua Valley)","20.01","20.04",NA,0,0,"Boys 50 Yard Freestyle","IL"
"554","Filipovic, Aleksej",2,"SO","St. Charles (North)","20.31","20.48",NA,0,0,"Boys 50 Yard Freestyle","IL"
"555","Thorell, Jack",3,"SR","LaGrange (Lyons)","20.96","20.61",NA,0,0,"Boys 50 Yard Freestyle","IL"
"556","Obochi, Tobe",4,"SR","Highland Park","20.77","20.75",NA,0,0,"Boys 50 Yard Freestyle","IL"
"557","Avery, Marc",5,"SR","Plainfield (North) [coop]","20.79","20.79",NA,0,0,"Boys 50 Yard Freestyle","IL"
"558","Tirone, Frank",6,"JR","Oak Park (O.P.-River Forest)","20.89","20.97",NA,0,0,"Boys 50 Yard Freestyle","IL"
"559","Nelson, Carter",7,"SR","Columbia","20.97","20.80",NA,0,0,"Boys 50 Yard Freestyle","IL"
"560","Breitenbucher, Bryson",8,"SR","LaGrange (Lyons)","21.19","20.93",NA,0,0,"Boys 50 Yard Freestyle","IL"
"561","Hadjiivanov, Mike",9,"SR","Glenview (Glenbrook South)","21.10","20.96",NA,0,0,"Boys 50 Yard Freestyle","IL"
"562","Bailey, Pearce",10,"SR","Winnetka (New Trier)","21.08","21.06",NA,0,0,"Boys 50 Yard Freestyle","IL"
"563","Sandefer, Calvin",11,"JR","Sterling (H.S.) [coop]","21.11","21.20",NA,0,0,"Boys 50 Yard Freestyle","IL"
"564","Fathallah, Omar",12,"SO","Mundelein (H.S.)","21.11","21.34",NA,0,0,"Boys 50 Yard Freestyle","IL"
"565","Boyle, Connor",1,"JR","Naperville (Neuqua Valley)","20.43","20.01",NA,0,0,"Boys 50 Yard Freestyle","IL"
"566","Filipovic, Aleksej",2,"SO","St. Charles (North)","20.71","20.31",NA,0,0,"Boys 50 Yard Freestyle","IL"
"567","Obochi, Tobe",3,"SR","Highland Park","20.19","20.77",NA,0,0,"Boys 50 Yard Freestyle","IL"
"568","Avery, Marc",4,"SR","Plainfield (North) [coop]","20.92","20.79",NA,0,0,"Boys 50 Yard Freestyle","IL"
"569","Tirone, Frank",5,"JR","Oak Park (O.P.-River Forest)","21.15","20.89",NA,0,0,"Boys 50 Yard Freestyle","IL"
"570","Thorell, Jack",6,"SR","LaGrange (Lyons)","20.65","20.96",NA,0,0,"Boys 50 Yard Freestyle","IL"
"571","Nelson, Carter",7,"SR","Columbia","20.92","20.97",NA,0,0,"Boys 50 Yard Freestyle","IL"
"572","Bailey, Pearce",8,"SR","Winnetka (New Trier)","21.41","21.08",NA,0,0,"Boys 50 Yard Freestyle","IL"
"573","Hadjiivanov, Mike",9,"SR","Glenview (Glenbrook South)","20.82","21.10",NA,0,0,"Boys 50 Yard Freestyle","IL"
"574","Sandefer, Calvin",10,"JR","Sterling (H.S.) [coop]","20.81","21.11",NA,0,0,"Boys 50 Yard Freestyle","IL"
"575","Fathallah, Omar",10,"SO","Mundelein (H.S.)","21.01","21.11",NA,0,0,"Boys 50 Yard Freestyle","IL"
"576","Breitenbucher, Bryson",12,"SR","LaGrange (Lyons)","21.07","21.19",NA,0,0,"Boys 50 Yard Freestyle","IL"
"577","Breitenbucher, Bryson",1,"SR","LaGrange (Lyons)","21.19","21.01",NA,0,0,"Event 4S Boys 50 Yard Freestyle Swim-off","IL"
"578","Keeley, Sam",2,"JR","Rolling Meadows","21.19","21.08",NA,0,0,"Event 4S Boys 50 Yard Freestyle Swim-off","IL"
"579","Williams, Jack",1,"SR","Flossmoor (Homewood-F.)","393.30","544.20",NA,0,0,"Boys 1 mtr Diving","IL"
"580","Nolan, Harrison",2,"SO","Riverside (R.-Brookfield)","370.75","522.95",NA,0,0,"Boys 1 mtr Diving","IL"
"581","Scimeca, Joey",3,"SR","St Charles (East)-IL","339.10","506.90",NA,0,0,"Boys 1 mtr Diving","IL"
"582","Danielwicz, Zayne",4,"JR","Deerfield (H.S.)","340.50","484.00",NA,0,0,"Boys 1 mtr Diving","IL"
"583","Thill, Cody",5,"SR","Orland Park (Sandburg)","324.45","458.85",NA,0,0,"Boys 1 mtr Diving","IL"
"584","White, Jack",6,"SO","Lincolnshire (Stevenson)","315.15","457.90",NA,0,0,"Boys 1 mtr Diving","IL"
"585","Lesch, Aryeh",7,"SO","Evanston (Twp.)","307.25","442.25",NA,0,0,"Boys 1 mtr Diving","IL"
"586","Tarantino, Nick",8,"SO","Glenview (Glenbrook South)","313.80","432.25",NA,0,0,"Boys 1 mtr Diving","IL"
"587","Ure, Ray",9,"SR","Des Plaines (Maine West)","321.05","427.25",NA,0,0,"Boys 1 mtr Diving","IL"
"588","Vorreyer, Levi",10,"JR","Chatham (Glenwood)","321.85","423.35",NA,0,0,"Boys 1 mtr Diving","IL"
"589","McIntosh, Jared",11,"SR","St. Charles (North)","311.45","416.70",NA,0,0,"Boys 1 mtr Diving","IL"
"590","Verzak, Corey",12,"JR","Orland Park (Sandburg)","311.45","411.40",NA,0,0,"Boys 1 mtr Diving","IL"
"591","Williams, Jack",1,"SR","Flossmoor (Homewood-F.)","264.15","393.30",NA,0,0,"Boys 1 mtr Diving","IL"
"592","Nolan, Harrison",2,"SO","Riverside (R.-Brookfield)","237.15","370.75",NA,0,0,"Boys 1 mtr Diving","IL"
"593","Danielwicz, Zayne",3,"JR","Deerfield (H.S.)","213.60","340.50",NA,0,0,"Boys 1 mtr Diving","IL"
"594","Scimeca, Joey",4,"SR","St Charles (East)-IL","232.25","339.10",NA,0,0,"Boys 1 mtr Diving","IL"
"595","Thill, Cody",5,"SR","Orland Park (Sandburg)","213.20","324.45",NA,0,0,"Boys 1 mtr Diving","IL"
"596","Vorreyer, Levi",6,"JR","Chatham (Glenwood)","203.45","321.85",NA,0,0,"Boys 1 mtr Diving","IL"
"597","Ure, Ray",7,"SR","Des Plaines (Maine West)","225.65","321.05",NA,0,0,"Boys 1 mtr Diving","IL"
"598","White, Jack",8,"SO","Lincolnshire (Stevenson)","210.10","315.15",NA,0,0,"Boys 1 mtr Diving","IL"
"599","Tarantino, Nick",9,"SO","Glenview (Glenbrook South)","207.65","313.80",NA,0,0,"Boys 1 mtr Diving","IL"
"600","McIntosh, Jared",10,"SR","St. Charles (North)","218.15","311.45",NA,0,0,"Boys 1 mtr Diving","IL"
"601","Verzak, Corey",10,"JR","Orland Park (Sandburg)","205.95","311.45",NA,0,0,"Boys 1 mtr Diving","IL"
"602","Lesch, Aryeh",12,"SO","Evanston (Twp.)","209.60","307.25",NA,0,0,"Boys 1 mtr Diving","IL"
"603","Williams, Jack",1,"SR","Flossmoor (Homewood-F.)","586.45","264.15",NA,0,0,"Boys 1 mtr Diving","IL"
"604","Nolan, Harrison",2,"SO","Riverside (R.-Brookfield)","604.10","237.15",NA,0,0,"Boys 1 mtr Diving","IL"
"605","Scimeca, Joey",3,"SR","St Charles (East)-IL","484.70","232.25",NA,0,0,"Boys 1 mtr Diving","IL"
"606","Ure, Ray",4,"SR","Des Plaines (Maine West)","508.60","225.65",NA,0,0,"Boys 1 mtr Diving","IL"
"607","McIntosh, Jared",5,"SR","St. Charles (North)","456.75","218.15",NA,0,0,"Boys 1 mtr Diving","IL"
"608","Danielwicz, Zayne",6,"JR","Deerfield (H.S.)","523.95","213.60",NA,0,0,"Boys 1 mtr Diving","IL"
"609","Thill, Cody",7,"SR","Orland Park (Sandburg)","538.65","213.20",NA,0,0,"Boys 1 mtr Diving","IL"
"610","White, Jack",8,"SO","Lincolnshire (Stevenson)","504.20","210.10",NA,0,0,"Boys 1 mtr Diving","IL"
"611","Lesch, Aryeh",9,"SO","Evanston (Twp.)","480.40","209.60",NA,0,0,"Boys 1 mtr Diving","IL"
"612","Tarantino, Nick",10,"SO","Glenview (Glenbrook South)","479.65","207.65",NA,0,0,"Boys 1 mtr Diving","IL"
"613","Carrillo, Bruno",11,"SO","Oak Forest","424.60","207.35",NA,0,0,"Boys 1 mtr Diving","IL"
"614","Verzak, Corey",12,"JR","Orland Park (Sandburg)","509.25","205.95",NA,0,0,"Boys 1 mtr Diving","IL"
"615","Filipovic, Aleksej",1,"SO","St. Charles (North)","48.41","48.25",NA,0,0,"Boys 100 Yard Butterfly","IL"
"616","Miller, Seth",2,"SR","Chicago (Brother Rice)-IL","49.02","48.87",NA,0,0,"Boys 100 Yard Butterfly","IL"
"617","Deshpande, Aayush",3,"SR","Aurora (Waubonsie Valley)","48.82","49.06",NA,0,0,"Boys 100 Yard Butterfly","IL"
"618","O'Leary, Griffin",4,"SO","Barrington","49.47","49.40",NA,0,0,"Boys 100 Yard Butterfly","IL"
"619","Kimmel, Benjamin",5,"SR","Roselle (Lake Park)","49.62","49.85",NA,0,0,"Boys 100 Yard Butterfly","IL"
"620","Olson, Jaden",6,"SR","Chicago (Jones) [coop]","49.32","50.28",NA,0,0,"Boys 100 Yard Butterfly","IL"
"621","Dai, Andrew",7,"SR","Naperville (Central)","49.92","49.45",NA,0,0,"Boys 100 Yard Butterfly","IL"
"622","Song, Josh",8,"SO","Lincolnshire (Stevenson)","49.77","49.96",NA,0,0,"Boys 100 Yard Butterfly","IL"
"623","Baxter, Nathaniel",9,"SR","St. Charles (North)","49.99","50.27",NA,0,0,"Boys 100 Yard Butterfly","IL"
"624","Castro, Ben",10,"SO","Cary (C.-Grove) [coop]","50.40","50.43",NA,0,0,"Boys 100 Yard Butterfly","IL"
"625","Cook, Teegan",11,"JR","West Chicago (H.S.) [coop]","50.11","50.68",NA,0,0,"Boys 100 Yard Butterfly","IL"
"626","Johnson, Zander",12,"SR","Northbrook (Glenbrook North)","50.39","50.79",NA,0,0,"Boys 100 Yard Butterfly","IL"
"627","Filipovic, Aleksej",1,"SO","St. Charles (North)","48.98","48.41",NA,0,0,"Boys 100 Yard Butterfly","IL"
"628","Deshpande, Aayush",2,"SR","Aurora (Waubonsie Valley)","50.54","48.82",NA,0,0,"Boys 100 Yard Butterfly","IL"
"629","Miller, Seth",3,"SR","Chicago (Brother Rice)-IL","49.37","49.02",NA,0,0,"Boys 100 Yard Butterfly","IL"
"630","Olson, Jaden",4,"SR","Chicago (Jones) [coop]","49.88","49.32",NA,0,0,"Boys 100 Yard Butterfly","IL"
"631","O'Leary, Griffin",5,"SO","Barrington","49.60","49.47",NA,0,0,"Boys 100 Yard Butterfly","IL"
"632","Kimmel, Benjamin",6,"SR","Roselle (Lake Park)","50.13","49.62",NA,0,0,"Boys 100 Yard Butterfly","IL"
"633","Song, Josh",7,"SO","Lincolnshire (Stevenson)","49.50","49.77",NA,0,0,"Boys 100 Yard Butterfly","IL"
"634","Dai, Andrew",8,"SR","Naperville (Central)","49.30","49.92",NA,0,0,"Boys 100 Yard Butterfly","IL"
"635","Baxter, Nathaniel",9,"SR","St. Charles (North)","51.07","49.99",NA,0,0,"Boys 100 Yard Butterfly","IL"
"636","Cook, Teegan",10,"JR","West Chicago (H.S.) [coop]","49.86","50.11",NA,0,0,"Boys 100 Yard Butterfly","IL"
"637","Johnson, Zander",11,"SR","Northbrook (Glenbrook North)","50.43","50.39",NA,0,0,"Boys 100 Yard Butterfly","IL"
"638","Castro, Ben",12,"SO","Cary (C.-Grove) [coop]","50.87","50.40",NA,0,0,"Boys 100 Yard Butterfly","IL"
"639","Boyle, Connor",1,"JR","Naperville (Neuqua Valley)","44.66","43.82",NA,0,0,"Boys 100 Yard Freestyle","IL"
"640","Maurer, Luke",2,"SR","Wilmette (Loyola Academy)","44.61","43.91",NA,0,0,"Boys 100 Yard Freestyle","IL"
"641","Bochenski, Grant",3,"JR","Naperville (North)","44.51","44.78",NA,0,0,"Boys 100 Yard Freestyle","IL"
"642","Thorell, Jack",4,"SR","LaGrange (Lyons)","46.07","45.42",NA,0,0,"Boys 100 Yard Freestyle","IL"
"643","Bailey, Pearce",5,"SR","Winnetka (New Trier)","46.04","46.00",NA,0,0,"Boys 100 Yard Freestyle","IL"
"644","Avery, Marc",6,"SR","Plainfield (North) [coop]","46.20","46.44",NA,0,0,"Boys 100 Yard Freestyle","IL"
"645","Nelson, Carter",7,"SR","Columbia","46.34","45.69",NA,0,0,"Boys 100 Yard Freestyle","IL"
"646","Schlueter, Alexander",8,"SR","South Elgin","46.50","46.50",NA,0,0,"Boys 100 Yard Freestyle","IL"
"647","Fathallah, Omar",9,"SO","Mundelein (H.S.)","46.66","46.53",NA,0,0,"Boys 100 Yard Freestyle","IL"
"648","Obochi, Tobe",10,"SR","Highland Park","46.74","46.90",NA,0,0,"Boys 100 Yard Freestyle","IL"
"649","Pi, Vincent",11,"JR","Skokie (Niles North)","46.74","46.99",NA,0,0,"Boys 100 Yard Freestyle","IL"
"650","Chen, Elliot",12,"SR","Glenview (Glenbrook South)","46.84","47.33",NA,0,0,"Boys 100 Yard Freestyle","IL"
"651","Bochenski, Grant",1,"JR","Naperville (North)","45.56","44.51",NA,0,0,"Boys 100 Yard Freestyle","IL"
"652","Maurer, Luke",2,"SR","Wilmette (Loyola Academy)","45.37","44.61",NA,0,0,"Boys 100 Yard Freestyle","IL"
"653","Boyle, Connor",3,"JR","Naperville (Neuqua Valley)","44.96","44.66",NA,0,0,"Boys 100 Yard Freestyle","IL"
"654","Bailey, Pearce",4,"SR","Winnetka (New Trier)","46.61","46.04",NA,0,0,"Boys 100 Yard Freestyle","IL"
"655","Thorell, Jack",5,"SR","LaGrange (Lyons)","45.82","46.07",NA,0,0,"Boys 100 Yard Freestyle","IL"
"656","Avery, Marc",6,"SR","Plainfield (North) [coop]","46.38","46.20",NA,0,0,"Boys 100 Yard Freestyle","IL"
"657","Nelson, Carter",7,"SR","Columbia","45.40","46.34",NA,0,0,"Boys 100 Yard Freestyle","IL"
"658","Schlueter, Alexander",8,"SR","South Elgin","45.72","46.50",NA,0,0,"Boys 100 Yard Freestyle","IL"
"659","Fathallah, Omar",9,"SO","Mundelein (H.S.)","45.91","46.66",NA,0,0,"Boys 100 Yard Freestyle","IL"
"660","Obochi, Tobe",10,"SR","Highland Park","44.98","46.74",NA,0,0,"Boys 100 Yard Freestyle","IL"
"661","Pi, Vincent",10,"JR","Skokie (Niles North)","46.45","46.74",NA,0,0,"Boys 100 Yard Freestyle","IL"
"662","Chen, Elliot",12,"SR","Glenview (Glenbrook South)","46.80","46.84",NA,0,0,"Boys 100 Yard Freestyle","IL"
"663","Andrew, Everet",1,"SR","Wilmette (Loyola Academy)","4:26.91","4:24.50",NA,0,0,"Boys 500 Yard Freestyle","IL"
"664","Maurer, Rex",2,"FR","Wilmette (Loyola Academy)","4:27.16","4:26.35",NA,0,0,"Boys 500 Yard Freestyle","IL"
"665","Flynn, Mike",3,"SO","Oak Park (Fenwick)","4:31.97","4:29.07",NA,0,0,"Boys 500 Yard Freestyle","IL"
"666","Williams, Ricky",4,"SR","St. Charles (North)","4:31.42","4:31.93",NA,0,0,"Boys 500 Yard Freestyle","IL"
"667","Conrads, Lucas",5,"JR","Aurora (Waubonsie Valley)","4:31.24","4:34.73",NA,0,0,"Boys 500 Yard Freestyle","IL"
"668","Millard, Austin",6,"JR","Oswego [coop]-IL","4:34.91","4:37.05",NA,0,0,"Boys 500 Yard Freestyle","IL"
"669","Tucci, Tyson",7,"SO","Normal (Community)","4:36.06","4:32.74",NA,0,0,"Boys 500 Yard Freestyle","IL"
"670","Moussally, Sami",8,"JR","Glenview (Glenbrook South)","4:35.90","4:36.00",NA,0,0,"Boys 500 Yard Freestyle","IL"
"671","Jensen, Jay",9,"SR","Elmhurst (York)-IL","4:37.11","4:37.27",NA,0,0,"Boys 500 Yard Freestyle","IL"
"672","Davis, Liam",10,"SR","Plainfield (North) [coop]","4:38.62","4:39.71",NA,0,0,"Boys 500 Yard Freestyle","IL"
"673","Long, Brendan",11,"SR","Evanston (Twp.)","4:39.63","4:41.76",NA,0,0,"Boys 500 Yard Freestyle","IL"
"674","Kingsley, Colin",12,"JR","Lake Forest (H.S.)","4:39.15","4:42.33",NA,0,0,"Boys 500 Yard Freestyle","IL"
"675","Andrew, Everet",1,"SR","Wilmette (Loyola Academy)","4:35.61","4:26.91",NA,0,0,"Boys 500 Yard Freestyle","IL"
"676","Maurer, Rex",2,"FR","Wilmette (Loyola Academy)","4:36.12","4:27.16",NA,0,0,"Boys 500 Yard Freestyle","IL"
"677","Conrads, Lucas",3,"JR","Aurora (Waubonsie Valley)","4:40.22","4:31.24",NA,0,0,"Boys 500 Yard Freestyle","IL"
"678","Williams, Ricky",4,"SR","St. Charles (North)","4:40.84","4:31.42",NA,0,0,"Boys 500 Yard Freestyle","IL"
"679","Flynn, Mike",5,"SO","Oak Park (Fenwick)","4:39.32","4:31.97",NA,0,0,"Boys 500 Yard Freestyle","IL"
"680","Millard, Austin",6,"JR","Oswego [coop]-IL","4:41.46","4:34.91",NA,0,0,"Boys 500 Yard Freestyle","IL"
"681","Moussally, Sami",7,"JR","Glenview (Glenbrook South)","4:37.42","4:35.90",NA,0,0,"Boys 500 Yard Freestyle","IL"
"682","Tucci, Tyson",8,"SO","Normal (Community)","4:37.79","4:36.06",NA,0,0,"Boys 500 Yard Freestyle","IL"
"683","Jensen, Jay",9,"SR","Elmhurst (York)-IL","4:39.99","4:37.11",NA,0,0,"Boys 500 Yard Freestyle","IL"
"684","Davis, Liam",10,"SR","Plainfield (North) [coop]","4:38.47","4:38.62",NA,0,0,"Boys 500 Yard Freestyle","IL"
"685","Kingsley, Colin",11,"JR","Lake Forest (H.S.)","4:39.97","4:39.15",NA,0,0,"Boys 500 Yard Freestyle","IL"
"686","Long, Brendan",12,"SR","Evanston (Twp.)","4:40.74","4:39.63",NA,0,0,"Boys 500 Yard Freestyle","IL"
"687",NA,1,NA,"LaGrange (Lyons)","1:22.40","1:22.70",NA,0,0,"Boys 200 Yard Freestyle Relay","IL"
"688",NA,2,NA,"Wilmette (Loyola Academy)","1:23.42","1:23.59",NA,0,0,"Boys 200 Yard Freestyle Relay","IL"
"689",NA,3,NA,"Glenview (Glenbrook South)","1:23.78","1:23.93",NA,0,0,"Boys 200 Yard Freestyle Relay","IL"
"690",NA,4,NA,"St. Charles (North)","1:23.12","1:24.17",NA,0,0,"Boys 200 Yard Freestyle Relay","IL"
"691",NA,5,NA,"Oak Park (O.P.-River Forest)","1:24.23","1:24.19",NA,0,0,"Boys 200 Yard Freestyle Relay","IL"
"692",NA,6,NA,"Winnetka (New Trier)","1:24.55","1:24.95",NA,0,0,"Boys 200 Yard Freestyle Relay","IL"
"693",NA,7,NA,"Naperville (Neuqua Valley)","1:24.98","1:24.27",NA,0,0,"Boys 200 Yard Freestyle Relay","IL"
"694",NA,8,NA,"Naperville (North)","1:25.05","1:25.53",NA,0,0,"Boys 200 Yard Freestyle Relay","IL"
"695",NA,9,NA,"Evanston (Twp.)","1:26.00","1:26.04",NA,0,0,"Boys 200 Yard Freestyle Relay","IL"
"696",NA,10,NA,"Hinsdale (Central)","1:25.78","1:26.47",NA,0,0,"Boys 200 Yard Freestyle Relay","IL"
"697",NA,11,NA,"Park Ridge (Maine South)","1:25.99","1:26.59",NA,0,0,"Boys 200 Yard Freestyle Relay","IL"
"698",NA,12,NA,"West Chicago (H.S.) [coop]","1:26.02","1:27.18",NA,0,0,"Boys 200 Yard Freestyle Relay","IL"
"699",NA,1,NA,"LaGrange (Lyons)","1:23.52","1:22.40",NA,0,0,"Boys 200 Yard Freestyle Relay","IL"
"700",NA,2,NA,"St. Charles (North)","1:24.94","1:23.12",NA,0,0,"Boys 200 Yard Freestyle Relay","IL"
"701",NA,3,NA,"Wilmette (Loyola Academy)","1:24.53","1:23.42",NA,0,0,"Boys 200 Yard Freestyle Relay","IL"
"702",NA,4,NA,"Glenview (Glenbrook South)","1:24.16","1:23.78",NA,0,0,"Boys 200 Yard Freestyle Relay","IL"
"703",NA,5,NA,"Oak Park (O.P.-River Forest)","1:25.71","1:24.23",NA,0,0,"Boys 200 Yard Freestyle Relay","IL"
"704",NA,6,NA,"Winnetka (New Trier)","1:25.30","1:24.55",NA,0,0,"Boys 200 Yard Freestyle Relay","IL"
"705",NA,7,NA,"Naperville (Neuqua Valley)","1:25.19","1:24.98",NA,0,0,"Boys 200 Yard Freestyle Relay","IL"
"706",NA,8,NA,"Naperville (North)","1:25.53","1:25.05",NA,0,0,"Boys 200 Yard Freestyle Relay","IL"
"707",NA,9,NA,"Hinsdale (Central)","1:25.79","1:25.78",NA,0,0,"Boys 200 Yard Freestyle Relay","IL"
"708",NA,10,NA,"Park Ridge (Maine South)","1:26.84","1:25.99",NA,0,0,"Boys 200 Yard Freestyle Relay","IL"
"709",NA,11,NA,"Evanston (Twp.)","1:26.09","1:26.00",NA,0,0,"Boys 200 Yard Freestyle Relay","IL"
"710",NA,12,NA,"West Chicago (H.S.) [coop]","1:25.15","1:26.02",NA,0,0,"Boys 200 Yard Freestyle Relay","IL"
"711","Olson, Jaden",1,"SR","Chicago (Jones) [coop]","48.98","49.29",NA,0,0,"Boys 100 Yard Backstroke","IL"
"712","O'Leary, Griffin",2,"SO","Barrington","48.90","49.43",NA,0,0,"Boys 100 Yard Backstroke","IL"
"713","Windle, Calvin",3,"JR","St Charles (East)-IL","48.99","49.44",NA,0,0,"Boys 100 Yard Backstroke","IL"
"714","Clancy, Noah",4,"SR","Alton (Sr)","49.52","49.62",NA,0,0,"Boys 100 Yard Backstroke","IL"
"715","Cynor, Quinton",5,"JR","Woodstock (North) [coop]","50.13","49.98",NA,0,0,"Boys 100 Yard Backstroke","IL"
"716","Pareja, Diego",6,"JR","Oak Park (O.P.-River Forest)","50.02","50.03",NA,0,0,"Boys 100 Yard Backstroke","IL"
"717","Bochenski, Grant",7,"JR","Naperville (North)","50.16","49.14",NA,0,0,"Boys 100 Yard Backstroke","IL"
"718","Miller, Seth",8,"SR","Chicago (Brother Rice)-IL","51.04","50.59",NA,0,0,"Boys 100 Yard Backstroke","IL"
"719","Kimmel, Benjamin",9,"SR","Roselle (Lake Park)","50.35","50.77",NA,0,0,"Boys 100 Yard Backstroke","IL"
"720","Ritsema, Andy",10,"SR","Normal (University)","50.43","50.81",NA,0,0,"Boys 100 Yard Backstroke","IL"
"721","Benington, Michael",11,"SR","Hinsdale (Central)","51.10","50.97",NA,0,0,"Boys 100 Yard Backstroke","IL"
"722","Lahmann, Nolan",12,"JR","Hinsdale (Central)","50.85","51.10",NA,0,0,"Boys 100 Yard Backstroke","IL"
"723","O'Leary, Griffin",1,"SO","Barrington","50.06","48.90",NA,0,0,"Boys 100 Yard Backstroke","IL"
"724","Olson, Jaden",2,"SR","Chicago (Jones) [coop]","49.70","48.98",NA,0,0,"Boys 100 Yard Backstroke","IL"
"725","Windle, Calvin",3,"JR","St Charles (East)-IL","49.95","48.99",NA,0,0,"Boys 100 Yard Backstroke","IL"
"726","Clancy, Noah",4,"SR","Alton (Sr)","50.54","49.52",NA,0,0,"Boys 100 Yard Backstroke","IL"
"727","Pareja, Diego",5,"JR","Oak Park (O.P.-River Forest)","51.16","50.02",NA,0,0,"Boys 100 Yard Backstroke","IL"
"728","Cynor, Quinton",6,"JR","Woodstock (North) [coop]","49.53","50.13",NA,0,0,"Boys 100 Yard Backstroke","IL"
"729","Bochenski, Grant",7,"JR","Naperville (North)","51.26","50.16",NA,0,0,"Boys 100 Yard Backstroke","IL"
"730","Kimmel, Benjamin",8,"SR","Roselle (Lake Park)","51.02","50.35",NA,0,0,"Boys 100 Yard Backstroke","IL"
"731","Ritsema, Andy",9,"SR","Normal (University)","50.55","50.43",NA,0,0,"Boys 100 Yard Backstroke","IL"
"732","Lahmann, Nolan",10,"JR","Hinsdale (Central)","52.34","50.85",NA,0,0,"Boys 100 Yard Backstroke","IL"
"733","Miller, Seth",11,"SR","Chicago (Brother Rice)-IL","51.32","51.04",NA,0,0,"Boys 100 Yard Backstroke","IL"
"734","Benington, Michael",12,"SR","Hinsdale (Central)","51.36","51.10",NA,0,0,"Boys 100 Yard Backstroke","IL"
"735","Iida, Max",1,"JR","Glenview (Glenbrook South)","54.99","54.62",NA,0,0,"Boys 100 Yard Breaststroke","IL"
"736","Alderson, Justin",2,"SR","Metamora [coop]","55.30","54.93",NA,0,0,"Boys 100 Yard Breaststroke","IL"
"737","Spillane, Ty",3,"JR","Aurora (Marmion Academy)","55.57","54.99",NA,0,0,"Boys 100 Yard Breaststroke","IL"
"738","Knothe, Brian",4,"JR","Aurora (Waubonsie Valley)","56.70","56.38",NA,0,0,"Boys 100 Yard Breaststroke","IL"
"739","Pratt, Robby",5,"SR","Bloomington (H.S.)","56.33","56.40",NA,0,0,"Boys 100 Yard Breaststroke","IL"
"740","Baxter, Nathaniel",6,"SR","St. Charles (North)","57.33","57.07",NA,0,0,"Boys 100 Yard Breaststroke","IL"
"741","Matulis, Tommy",7,"SR","Darien (Hinsdale South)","57.44","57.80",NA,0,0,"Boys 100 Yard Breaststroke","IL"
"742","Cho, Alexander",8,"SR","Hinsdale (Central)","57.40","57.91",NA,0,0,"Boys 100 Yard Breaststroke","IL"
"743","Gamilla, Jeddrick",9,"JR","Aurora (Metea Valley)","57.34","58.29",NA,0,0,"Boys 100 Yard Breaststroke","IL"
"744","Graves, Braydon",10,"SR","Oak Park (O.P.-River Forest)","58.01","58.38",NA,0,0,"Boys 100 Yard Breaststroke","IL"
"745","Groenewold, Calvin",11,"SR","Elmhurst (Timothy Christian)","58.02","58.41",NA,0,0,"Boys 100 Yard Breaststroke","IL"
"746","Dvorak, Alex",12,"SR","Plainfield (North) [coop]","57.78","58.43",NA,0,0,"Boys 100 Yard Breaststroke","IL"
"747","Iida, Max",1,"JR","Glenview (Glenbrook South)","57.56","54.99",NA,0,0,"Boys 100 Yard Breaststroke","IL"
"748","Alderson, Justin",2,"SR","Metamora [coop]","56.61","55.30",NA,0,0,"Boys 100 Yard Breaststroke","IL"
"749","Spillane, Ty",3,"JR","Aurora (Marmion Academy)","56.36","55.57",NA,0,0,"Boys 100 Yard Breaststroke","IL"
"750","Pratt, Robby",4,"SR","Bloomington (H.S.)","57.21","56.33",NA,0,0,"Boys 100 Yard Breaststroke","IL"
"751","Knothe, Brian",5,"JR","Aurora (Waubonsie Valley)","57.01","56.70",NA,0,0,"Boys 100 Yard Breaststroke","IL"
"752","Baxter, Nathaniel",6,"SR","St. Charles (North)","59.39","57.33",NA,0,0,"Boys 100 Yard Breaststroke","IL"
"753","Gamilla, Jeddrick",7,"JR","Aurora (Metea Valley)","59.21","57.34",NA,0,0,"Boys 100 Yard Breaststroke","IL"
"754","Cho, Alexander",8,"SR","Hinsdale (Central)","58.40","57.40",NA,0,0,"Boys 100 Yard Breaststroke","IL"
"755","Matulis, Tommy",9,"SR","Darien (Hinsdale South)","58.79","57.44",NA,0,0,"Boys 100 Yard Breaststroke","IL"
"756","Dvorak, Alex",10,"SR","Plainfield (North) [coop]","57.49","57.78",NA,0,0,"Boys 100 Yard Breaststroke","IL"
"757","Graves, Braydon",11,"SR","Oak Park (O.P.-River Forest)","58.72","58.01",NA,0,0,"Boys 100 Yard Breaststroke","IL"
"758","Groenewold, Calvin",12,"SR","Elmhurst (Timothy Christian)","58.52","58.02",NA,0,0,"Boys 100 Yard Breaststroke","IL"
"759",NA,1,NA,"Wilmette (Loyola Academy)","3:02.78","3:02.80",NA,0,0,"Boys 400 Yard Freestyle Relay","IL"
"760",NA,2,NA,"Glenview (Glenbrook South)","3:04.40","3:05.77",NA,0,0,"Boys 400 Yard Freestyle Relay","IL"
"761",NA,3,NA,"Oak Park (O.P.-River Forest)","3:06.64","3:06.73",NA,0,0,"Boys 400 Yard Freestyle Relay","IL"
"762",NA,4,NA,"LaGrange (Lyons)","3:05.48","3:06.91",NA,0,0,"Boys 400 Yard Freestyle Relay","IL"
"763",NA,5,NA,"St. Charles (North)","3:06.12","3:07.18",NA,0,0,"Boys 400 Yard Freestyle Relay","IL"
"764",NA,6,NA,"Aurora (Waubonsie Valley)","3:08.43","3:08.26",NA,0,0,"Boys 400 Yard Freestyle Relay","IL"
"765",NA,7,NA,"Oak Park (Fenwick)","3:08.56","3:08.64",NA,0,0,"Boys 400 Yard Freestyle Relay","IL"
"766",NA,8,NA,"St Charles (East)-IL","3:09.95","3:09.03",NA,0,0,"Boys 400 Yard Freestyle Relay","IL"
"767",NA,9,NA,"Winnetka (New Trier)","3:08.72","3:09.10",NA,0,0,"Boys 400 Yard Freestyle Relay","IL"
"768",NA,10,NA,"Plainfield (North) [coop]","3:09.48","3:09.53",NA,0,0,"Boys 400 Yard Freestyle Relay","IL"
"769",NA,11,NA,"Hinsdale (Central)","3:08.99","3:09.55",NA,0,0,"Boys 400 Yard Freestyle Relay","IL"
"770",NA,12,NA,"Park Ridge (Maine South)","3:10.37","3:10.32",NA,0,0,"Boys 400 Yard Freestyle Relay","IL"
"771",NA,1,NA,"Wilmette (Loyola Academy)","3:08.16","3:02.78",NA,0,0,"Boys 400 Yard Freestyle Relay","IL"
"772",NA,2,NA,"Glenview (Glenbrook South)","3:06.54","3:04.40",NA,0,0,"Boys 400 Yard Freestyle Relay","IL"
"773",NA,3,NA,"LaGrange (Lyons)","3:06.64","3:05.48",NA,0,0,"Boys 400 Yard Freestyle Relay","IL"
"774",NA,4,NA,"St. Charles (North)","3:10.08","3:06.12",NA,0,0,"Boys 400 Yard Freestyle Relay","IL"
"775",NA,5,NA,"Oak Park (O.P.-River Forest)","3:08.16","3:06.64",NA,0,0,"Boys 400 Yard Freestyle Relay","IL"
"776",NA,6,NA,"Aurora (Waubonsie Valley)","3:11.60","3:08.43",NA,0,0,"Boys 400 Yard Freestyle Relay","IL"
"777",NA,7,NA,"Oak Park (Fenwick)","3:07.46","3:08.56",NA,0,0,"Boys 400 Yard Freestyle Relay","IL"
"778",NA,8,NA,"Winnetka (New Trier)","3:09.64","3:08.72",NA,0,0,"Boys 400 Yard Freestyle Relay","IL"
"779",NA,9,NA,"Hinsdale (Central)","3:10.34","3:08.99",NA,0,0,"Boys 400 Yard Freestyle Relay","IL"
"780",NA,10,NA,"Plainfield (North) [coop]","3:09.18","3:09.48",NA,0,0,"Boys 400 Yard Freestyle Relay","IL"
"781",NA,11,NA,"St Charles (East)-IL","3:08.27","3:09.95",NA,0,0,"Boys 400 Yard Freestyle Relay","IL"
"782",NA,12,NA,"Park Ridge (Maine South)","3:07.96","3:10.37",NA,0,0,"Boys 400 Yard Freestyle Relay","IL"
"783","Thomas, Noah",1,"SO","Arlington Heights (Hersey)-IL","3:19.25","3:08.51",NA,0,0,"Boys AWD 1 A 200 Yard Freestyle","IL"
"784","Behnke, Gage",2,"SR","Kewanee (H.S.)","3:49.16","3:39.33",NA,0,0,"Boys AWD 1 A 200 Yard Freestyle","IL"
"785","Leinart, Matthew",1,"JR","Downers Grove (South)-IL","2:13.80","2:10.57",NA,0,0,"Boys AWD 2 B 200 Yard Freestyle","IL"
"786","Czerwinski, Leo",2,"FR","St Charles (East)-IL","2:40.80","2:31.07",NA,0,0,"Boys AWD 2 B 200 Yard Freestyle","IL"
"787","Dempsey, Cameron",3,"FR","Jacksonville (Illinois School","3:19.85","3:08.93",NA,0,0,"Boys AWD 2 B 200 Yard Freestyle","IL"
"788","Tomich, Leo",4,"JR","Jacksonville (Illinois School","3:25.99","3:17.42",NA,0,0,"Boys AWD 2 B 200 Yard Freestyle","IL"
"789","Thomas, Noah",1,"SO","Arlington Heights (Hersey)-IL","38.79","37.19",NA,0,0,"Boys AWD 1 A 50 Yard Freestyle","IL"
"790","Behnke, Gage",2,"SR","Kewanee (H.S.)","41.41","37.62",NA,0,0,"Boys AWD 1 A 50 Yard Freestyle","IL"
"791","Billenstein, Matthew",3,"JR","Elmhurst (York)-IL","47.20","48.18",NA,0,0,"Boys AWD 1 A 50 Yard Freestyle","IL"
"792","Early, Dylan",1,"JR","Chicago (Brother Rice)-IL","24.83","24.68",NA,0,0,"Boys AWD 2 B 50 Yard Freestyle","IL"
"793","Leinart, Matthew",2,"JR","Downers Grove (South)-IL","26.78","25.74",NA,0,0,"Boys AWD 2 B 50 Yard Freestyle","IL"
"794","Czerwinski, Leo",3,"FR","St Charles (East)-IL","33.96","31.90",NA,0,0,"Boys AWD 2 B 50 Yard Freestyle","IL"
"795","Hodge, Marshall",4,"JR","Oswego [coop]-IL","32.11","32.11",NA,0,0,"Boys AWD 2 B 50 Yard Freestyle","IL"
"796","Tomich, Leo",5,"JR","Jacksonville (Illinois School","32.25","32.36",NA,0,0,"Boys AWD 2 B 50 Yard Freestyle","IL"
"797","Dempsey, Cameron",6,"FR","Jacksonville (Illinois School","34.13","39.93",NA,0,0,"Boys AWD 2 B 50 Yard Freestyle","IL"
"798","Thomas, Noah",1,"SO","Arlington Heights (Hersey)-IL","1:31.16","1:25.38",NA,0,0,"Boys AWD 1 A 100 Yard Freestyle","IL"
"799","Behnke, Gage",2,"SR","Kewanee (H.S.)","1:38.06","1:31.56",NA,0,0,"Boys AWD 1 A 100 Yard Freestyle","IL"
"800","Billenstein, Matthew",3,"JR","Elmhurst (York)-IL","1:50.98","1:48.22",NA,0,0,"Boys AWD 1 A 100 Yard Freestyle","IL"
"801","Early, Dylan",1,"JR","Chicago (Brother Rice)-IL","56.22","55.82",NA,0,0,"Boys AWD 2 B 100 Yard Freestyle","IL"
"802","Leinart, Matthew",2,"JR","Downers Grove (South)-IL","59.45","56.12",NA,0,0,"Boys AWD 2 B 100 Yard Freestyle","IL"
"803","Czerwinski, Leo",3,"FR","St Charles (East)-IL","1:15.23","1:10.08",NA,0,0,"Boys AWD 2 B 100 Yard Freestyle","IL"
"804","Hodge, Marshall",4,"JR","Oswego [coop]-IL","1:12.36","1:10.12",NA,0,0,"Boys AWD 2 B 100 Yard Freestyle","IL"
"805","Dempsey, Cameron",5,"FR","Jacksonville (Illinois School","1:21.72","1:21.98",NA,0,0,"Boys AWD 2 B 100 Yard Freestyle","IL"
"806","Tomich, Leo",6,"JR","Jacksonville (Illinois School","1:21.00","1:22.51",NA,0,0,"Boys AWD 2 B 100 Yard Freestyle","IL"
"807","Thomas, Noah",1,"SO","Arlington Heights (Hersey)-IL","1:50.23","1:47.04",NA,0,0,"Boys AWD 1 A 100 Yard Breaststroke","IL"
"808","Hodge, Marshall",2,"JR","Oswego [coop]-IL","1:58.38","1:59.13",NA,0,0,"Boys AWD 1 A 100 Yard Breaststroke","IL"
"809","Behnke, Gage",3,"SR","Kewanee (H.S.)","3:00.53","2:50.66",NA,0,0,"Boys AWD 1 A 100 Yard Breaststroke","IL"
"810","Leinart, Matthew",1,"JR","Downers Grove (South)-IL","1:16.21","1:10.60",NA,0,0,"Boys AWD 2 B 100 Yard Breaststroke","IL"
"811","Tomich, Leo",2,"JR","Jacksonville (Illinois School","2:08.64","2:00.22",NA,0,0,"Boys AWD 2 B 100 Yard Breaststroke","IL"
