"Place","Name","Age","Club","Distance","USMS_ID","Gender","Year","National_Record"
1,"Jason Weis",24,"NEM",4550,"0202-0B9VP","M",2020,"N"
2,"Ryan Williamson",19,"1776",4095,"080H-J70XX","M",2020,"N"
1,"Ryan Waddington",29,"DAM",5240,"3805-HFD68","M",2020,"N"
2,"Austin Teunissen",25,"AQST",5125,"520H-KKRMH","M",2020,"N"
3,"Andrew Barmann",27,"CVMM",5070,"330S-NDTX9","M",2020,"N"
4,"Mitchell Victoria",26,"CRUZ",4870,"3800-0AJ9E","M",2020,"N"
5,"Cory Nguyen",25,"RIPT",4725,"330V-6AM61","M",2020,"N"
6,"Aaron Foreman",28,"O*H*",4700,"180M-0A8E9","M",2020,"N"
7,"William Gerard",28,"CONN",4675,"050Z-0A6F5","M",2020,"N"
8,"Andrew Voorhees",28,"NEM",4510,"020V-NM1RV","M",2020,"N"
9,"Michael Thomas",28,"MVM",4500,"380A-07X03","M",2020,"N"
10,"Grant Aldred",27,"OREG",4395,"370C-084PG","M",2020,"N"
11,"Matthew Bauer",27,"NEM",4340,"0208-0B5J8","M",2020,"N"
12,"Reed Truax",25,"NEM",4325,"020M-0AGG6","M",2020,"N"
13,"Eric Burtchell",29,"NEM",4210,"0204-097JG","M",2020,"N"
14,"Alexander Claman",25,"TAM",3725,"3803-09BZE","M",2020,"N"
15,"Richard Jimenez",28,"MOST",3370,"430Z-6XETD","M",2020,"N"
16,"James Ramseur",29,"FRNY",3150,"060U-H3DJK","M",2020,"N"
17,"Robert Malnight",29,"MICH",3125,"1902-0A264","M",2020,"N"
18,"Leonard Robinson",29,"NEM",2275,"0205-1TW1V","M",2020,"N"
1,"Eric Nilsson",33,"NEM",5765,"0208-05YT0","M",2020,"Y"
2,"Matthew Alford",32,"NEM",5025,"020U-0B93C","M",2020,"N"
3,"Michael Hoffman",33,"NEM",5020,"020A-9NC6S","M",2020,"N"
4,"Adam Walker",30,"UC12",4910,"120S-09AAA","M",2020,"N"
5,"Dave Rossi",32,"NCMS",4830,"1309-0ASV5","M",2020,"N"
6,"James Hoke",34,"MINN",4575,"300J-09X8Z","M",2020,"N"
7,"Mathew Card",33,"NEM",4180,"0209-07P9A","M",2020,"N"
8,"Brandon Merritt",33,"DAM",3900,"3800-07P8R","M",2020,"N"
9,"Paul Dungee",32,"1776",3800,"080B-P6DD1","M",2020,"N"
10,"Matthew Bermingham",32,"1776",3330,"080X-A8WY1","M",2020,"N"
1,"Jesse Ford",38,"CMAM",4540,"380T-074MJ","M",2020,"N"
2,"Peter Bowman",38,"CMYM",4500,"090H-0B422","M",2020,"N"
3,"Robert Duguay",35,"CONN",4495,"0505-01SNZ","M",2020,"N"
4,"Warren Perry",39,"TNYA",4420,"0606-077HK","M",2020,"N"
5,"Christopher Marler",35,"OREG",4225,"370E-CHTW0","M",2020,"N"
6,"Andrew Brown",39,"USN",4020,"1404-G8JKB","M",2020,"N"
7,"Michael Mancini",36,"NEM",4000,"020X-0607F","M",2020,"N"
8,"Alexander Sennhenn",35,"TAM",3525,"3809-0B4T5","M",2020,"N"
8,"Seann Mulcahy",38,"NEM",3525,"020S-0922H","M",2020,"N"
10,"Paul Philley",38,"DAM",3500,"380A-08FAV","M",2020,"N"
11,"Will McNiece",35,"NEM",3450,"020Y-0BAAB","M",2020,"N"
12,"Charlie Kimberly",35,"OREG",3400,"370K-0AUWA","M",2020,"N"
1,"John Kenny",40,"1776",5330,"080M-06XPT","M",2020,"N"
2,"Stephen Rouch",40,"INDY",5265,"160A-R0UCH","M",2020,"N"
3,"Matthew Gilman",44,"OREG",5105,"3705-02BAG","M",2020,"N"
4,"William Kloppe",40,"YCFM",5060,"140G-09DR9","M",2020,"N"
4,"Matt Miller",43,"OREG",5060,"370P-1500F","M",2020,"N"
6,"Johnny Van Velthuyzen",41,"PSM",4740,"360J-06TTA","M",2020,"N"
7,"Will Clark",43,"OREG",4660,"3707-04225","M",2020,"N"
8,"Christopher Scharver",44,"VMST",4605,"1205-001F1","M",2020,"N"
9,"Andrew Peppercorn",43,"NCMS",4585,"130K-PEPPY","M",2020,"N"
10,"John Herzke",41,"CMYM",4575,"330D-CWXHA","M",2020,"N"
11,"Nicholas Mathers",41,"MOST",4560,"430F-01YSY","M",2020,"N"
12,"Andrew Hutchison",42,"1776",4545,"0808-TTNA2","M",2020,"N"
13,"Jonathan Kretz",42,"CVMM",4520,"020N-BDAWG","M",2020,"N"
14,"Michael Leake",42,"NEM",4505,"020S-SAVED","M",2020,"N"
15,"Aaron Jasper",43,"CLMS",4450,"330G-09WY0","M",2020,"N"
16,"Patrick Sullivan",43,"YSTM",4440,"220W-0AVJT","M",2020,"N"
17,"Benjamin Halliday",41,"RIPT",4330,"330S-03CY1","M",2020,"N"
18,"Julien Lerouge",42,"SRVM",4150,"020N-7WRGU","M",2020,"N"
19,"Daniel Spurling",43,"NBPB",4050,"020X-09J0A","M",2020,"N"
20,"Richard Sweetman",42,"NEM",3860,"020J-0AAM2","M",2020,"N"
21,"Eric Tesdahl",41,"NASH",3840,"150F-TG9H2","M",2020,"N"
22,"Patrick Hiller",43,"OREG",3550,"370B-07JW5","M",2020,"N"
23,"Jim Thomas",42,"1776",3515,"080W-0BB7S","M",2020,"N"
24,"Jimmy Wu",44,"NEM",3315,"020J-0ANAD","M",2020,"N"
25,"Andrew Smith",44,"ROCH",3255,"0402-0B3MN","M",2020,"N"
26,"Nishanth Toom",40,"MOST",2725,"4301-3NP0H","M",2020,"N"
27,"Dante Camogliano",42,"CLMS",2575,"330D-PRNRZ","M",2020,"N"
1,"Michael Kiedel",45,"SMM",5360,"3803-03R0C","M",2020,"N"
2,"Kurt Grote",47,"OREG",5340,"370U-082KF","M",2020,"N"
3,"Jeffrey Nason",45,"OREG",5200,"370E-06TUF","M",2020,"N"
4,"Sergei Nemirovsky",48,"NEM",4875,"0204-06MTR","M",2020,"N"
5,"Sean Keenan",46,"SPBA",4725,"140Z-06T8X","M",2020,"N"
6,"Andrew Walberer",48,"IM",4710,"210Y-005XM","M",2020,"N"
7,"Mike Broglio",49,"NEM",4700,"020W-035GH","M",2020,"N"
8,"Phillip Luebke",49,"BOZE",4625,"310A-07P4M","M",2020,"N"
9,"Christian Tujo",49,"OREG",4580,"370Y-026K2","M",2020,"N"
10,"Tim McNamara",46,"CMAM",4530,"380P-07KWF","M",2020,"N"
11,"Michael Guirl",49,"MOST",4485,"430N-02PWZ","M",2020,"N"
12,"Henry Pelish",47,"NEM",4265,"020A-0B8CJ","M",2020,"N"
13,"Alejandro Trevino",46,"MOST",4180,"430J-06SXK","M",2020,"N"
14,"Nick Holland",45,"OREG",4100,"3708-0AB3P","M",2020,"N"
15,"Kenneth Frost",48,"TAM",4025,"380G-03JK9","M",2020,"N"
16,"Rick Osterberg",46,"NEM",4000,"020C-033N8","M",2020,"N"
17,"Ramon Nayar",46,"IM",3950,"210P-NAYAR","M",2020,"N"
18,"Ryan Huddlestun",48,"IM",3860,"210G-0A532","M",2020,"N"
19,"Sean Uiterwyk",46,"NEM",3850,"020A-06H6D","M",2020,"N"
20,"Diego Darquea",48,"SFTL",3835,"500F-093YS","M",2020,"N"
21,"Ryan Rager",46,"SPM",3800,"1408-07PNC","M",2020,"N"
22,"Graham Balch",46,"TAM",3750,"380X-09KFD","M",2020,"N"
23,"Blake Hargis",46,"ADMS",3720,"030R-0B092","M",2020,"N"
24,"Kyle McIntosh",45,"CLMS",3710,"330B-068Z6","M",2020,"N"
25,"David Vogel",47,"PBM",3650,"500X-08EP0","M",2020,"N"
26,"Martin Paukert",46,"MOST",3620,"430E-0AA7U","M",2020,"N"
27,"Tarek Abed",46,"CLMS",3600,"090N-EWXPM","M",2020,"N"
28,"Dennis Quelch",48,"NEM",3590,"020R-0B6CA","M",2020,"N"
29,"Stephen Foley",48,"NEM",3580,"020F-076NX","M",2020,"N"
30,"Emmanuel Castello",45,"1776",3505,"0802-RANRF","M",2020,"N"
31,"Caesar Bernardo",49,"OREG",3450,"370C-0A0J2","M",2020,"N"
32,"Brent Rockafellow",45,"MICH",3300,"190W-0A7HK","M",2020,"N"
33,"Francisco Silva-Gonzalez",48,"TBAM",3200,"1400-09MN9","M",2020,"N"
34,"Alex Guo",47,"FREM",3170,"380F-0AURM","M",2020,"N"
35,"Zachary Tureau",47,"NASH",2850,"150G-03184","M",2020,"N"
36,"Marc Blevins",47,"NEM",2820,"020H-VSG0D","M",2020,"N"
37,"Richard Strzelecki",48,"SFTL",2740,"5001-U0C79","M",2020,"N"
38,"Francisco Gonzales",47,"DDSA",1955,"480N-2BTB7","M",2020,"N"
1,"Kurt Dickson",53,"GRA",5295,"330P-02EM5","M",2020,"N"
2,"Nico Ghilardi",50,"SMM",5250,"380F-03F54","M",2020,"N"
3,"Mark Rubacky",51,"NCMS",5015,"130W-070MN","M",2020,"N"
4,"Scot Sullivan",54,"OREG",5000,"370M-003C6","M",2020,"N"
5,"Albert Garcia",50,"NEM",4780,"0206-0738T","M",2020,"N"
6,"Jeremy Davey",50,"T2NM",4775,"1408-0B79K","M",2020,"N"
7,"Matthew Gilson",53,"NEM",4750,"0200-033F6","M",2020,"N"
8,"Joshua Smith",52,"SPM",4745,"140J-064F4","M",2020,"N"
9,"Kaan Duru",50,"NEM",4725,"020V-06GNG","M",2020,"N"
10,"Mark Brandt",54,"IM",4660,"2103-005M4","M",2020,"N"
11,"Vaughn Mansmann",54,"MOST",4625,"4302-07RZK","M",2020,"N"
12,"Damon Tucker",51,"RIPT",4610,"3300-03CK6","M",2020,"N"
13,"Adam Laats",51,"BUMS",4520,"0403-08EXG","M",2020,"N"
13,"Douglas Sayles",53,"NEM",4520,"0200-S0UPY","M",2020,"N"
13,"Mark Frost",53,"OREG",4520,"370W-07KU4","M",2020,"N"
16,"Matthew Kowta",54,"DAM",4515,"380D-03SC1","M",2020,"N"
17,"Andrew Radovan",52,"CRUZ",4500,"380T-03MHX","M",2020,"N"
18,"Todd Hartman",53,"CTSM",4475,"3302-08BTN","M",2020,"N"
19,"Stephen Eid",53,"MASH",4450,"1006-093ZC","M",2020,"N"
20,"Thomas Bell",51,"UC08",4445,"0808-07Y6W","M",2020,"N"
21,"Mike Fairbairn",53,"PALM",4440,"550B-01GZ0","M",2020,"N"
21,"Michael Jacobson",52,"CMYM",4440,"090K-01V74","M",2020,"N"
23,"James Fleming",50,"CLMS",4370,"3306-02CW5","M",2020,"N"
24,"Igor Bruzual",50,"OREG",4320,"370D-0356V","M",2020,"N"
25,"Adolfo Loustaunau",50,"LTOH",4300,"170A-07W08","M",2020,"N"
26,"John Leonard",50,"MOST",4290,"4309-02NWN","M",2020,"N"
27,"Gary McClellan",53,"PBM",4215,"500K-08496","M",2020,"N"
28,"Randall Carver",54,"MOST",4150,"430C-02NX9","M",2020,"N"
29,"Jonathan Ruckdeschel",52,"CMYM",4135,"090K-087TG","M",2020,"N"
30,"Stephen Imbusch",52,"NEM",4075,"020N-07HJ3","M",2020,"N"
30,"John Villano",53,"SKY",4075,"4103-0B31N","M",2020,"N"
32,"Andreas Ladas",50,"NEM",4055,"020K-06M66","M",2020,"N"
33,"Robert Norris",54,"MOST",4045,"430T-05GJR","M",2020,"N"
34,"Christopher Lebold",52,"1776",4020,"080X-021XX","M",2020,"N"
35,"Jim Porter",51,"NEM",3980,"020G-07PK2","M",2020,"N"
36,"Trent Theroux",53,"NEM",3975,"020J-05J76","M",2020,"N"
37,"Douglas Webb",50,"O*H*",3920,"1805-01PG5","M",2020,"N"
38,"Matthew McKee",54,"NEM",3915,"020U-09708","M",2020,"N"
39,"James Dwyer",52,"NEM",3815,"020F-0ASG9","M",2020,"N"
40,"Daniel O'Brien",54,"ROCH",3800,"040T-01XA3","M",2020,"N"
41,"Brian Sweenor",54,"NEM",3770,"020X-097ZM","M",2020,"N"
42,"Frank Haun",52,"LTOH",3745,"170W-1EA0J","M",2020,"N"
43,"Greg Sellei",52,"NEM",3725,"0206-07KWZ","M",2020,"N"
43,"Nim Meishar",54,"MOST",3725,"4301-CNF0E","M",2020,"N"
45,"Bill Donnelly",53,"1776",3720,"080W-042BX","M",2020,"N"
46,"Scott Carpenter",53,"TAM",3695,"3804-084RC","M",2020,"N"
47,"Clint Bogard",53,"OREG",3675,"3702-07KMP","M",2020,"N"
48,"Paul Seymour",54,"TAM",3625,"380Y-0AV6C","M",2020,"N"
49,"Rob White",54,"OREG",3525,"370S-0271N","M",2020,"N"
50,"Al Prescott",52,"NEM",3490,"0203-033JX","M",2020,"N"
51,"Peter Cote",52,"NEM",3280,"020A-075J6","M",2020,"N"
52,"Michael Tyson",53,"NEM",3275,"020P-7P4IM","M",2020,"N"
53,"Dennis Mitchell",53,"UC02",3200,"020N-WECXE","M",2020,"N"
54,"Oscar Guajardo",51,"MOST",3170,"430A-JKR2T","M",2020,"N"
55,"Jonathan Cooper",53,"NEM",2955,"020V-KNDYT","M",2020,"N"
56,"Scott Sharp",51,"SKY",2840,"410C-04W83","M",2020,"N"
57,"Jason McCauley",52,"OREG",2550,"3709-CPTBH","M",2020,"N"
58,"Chris Doppke",54,"NEM",2150,"020Y-090V5","M",2020,"N"
59,"Jason Bundy",50,"DAM",2125,"380V-040P2","M",2020,"N"
1,"Jeff Erwin",56,"SAWS",5395,"590U-01J0A","M",2020,"N"
2,"Mike Shaffer",55,"VCM",5375,"330R-03B3B","M",2020,"N"
3,"Rob Allen",55,"NEM",5245,"0202-01W9S","M",2020,"N"
4,"Kirk Richards",59,"SMM",5240,"380W-0AYKT","M",2020,"N"
5,"Ricardo Valdivia",56,"PBM",5195,"5007-BAMA1","M",2020,"N"
6,"Randy Eickhoff",55,"CLMS",5175,"330R-03BC3","M",2020,"N"
7,"Stuart Cromarty",56,"NEM",5130,"020T-03437","M",2020,"N"
8,"Eilhard Lussier",55,"OREG",5105,"370V-025VX","M",2020,"N"
9,"Todd Arris",55,"TOC",5090,"3803-03H46","M",2020,"N"
10,"Marshall Campbell",55,"RIDG",4980,"260C-09BMH","M",2020,"N"
11,"Paul Olliges",59,"UC36",4830,"360P-04FG6","M",2020,"N"
12,"Bob Pugh",58,"1776",4670,"080G-02273","M",2020,"N"
13,"James Wise",55,"MINN",4575,"300Y-6B7GD","M",2020,"N"
14,"Harold Wagner",55,"SFTL",4520,"500C-002S5","M",2020,"N"
15,"Jim Amick",59,"RIDG",4500,"2605-04G1D","M",2020,"N"
16,"Bruce Novis",55,"NEM",4475,"020D-076DK","M",2020,"N"
17,"Diego Pombo",58,"RIPT",4465,"3306-049K1","M",2020,"N"
18,"Steven Gruenwald",59,"MINN",4425,"300X-07RTR","M",2020,"N"
19,"Stuart Burdette",58,"CLMS",4400,"3306-06ZCT","M",2020,"N"
20,"Steve Wursta",55,"OREG",4385,"370A-026PM","M",2020,"N"
21,"Douglas Bosley",58,"NEM",4360,"0201-033W4","M",2020,"N"
22,"Fritz Bedford",57,"NEM",4350,"0202-06131","M",2020,"N"
23,"Robert Bonsall",57,"1776",4325,"080K-042GW","M",2020,"N"
23,"Matthew Bickley",59,"CGMS",4325,"120A-W8K9E","M",2020,"N"
25,"Thomas Jones",56,"PBM",4285,"500A-02JJH","M",2020,"N"
26,"Jeff Reilly",59,"1776",4265,"080B-022BW","M",2020,"N"
26,"Christopher Stevens",59,"MARY",4265,"090T-01VWK","M",2020,"N"
28,"John Mull",56,"ARIZ",4250,"4801-0AWZ8","M",2020,"N"
29,"William Finch",55,"CSI",4200,"160Z-02BFS","M",2020,"N"
29,"Jay Norvell",57,"NCMS",4200,"130R-0A5AF","M",2020,"N"
31,"Daniel Sperka",55,"DAM",4185,"380R-03URZ","M",2020,"N"
32,"Guido Gavars",57,"IM",4180,"2105-0AVSZ","M",2020,"N"
33,"Steve McAdams",56,"LOM",4175,"3806-073DM","M",2020,"N"
34,"Jon Haveman",56,"TAM",4160,"380T-03SAG","M",2020,"N"
35,"Patrick McDermot",55,"NEM",4110,"0203-07MXT","M",2020,"N"
36,"Utley Noble",57,"LTSE",4100,"150D-02100","M",2020,"N"
37,"Clark Robinson",59,"UC43",4070,"430F-0ARPA","M",2020,"N"
38,"George Stark",55,"ADMS",4050,"0301-01M84","M",2020,"N"
39,"Robert Carr",55,"NEM",4020,"020D-02YER","M",2020,"N"
40,"Chris Paolini",57,"CSMT",4000,"170A-01UGK","M",2020,"N"
41,"Jonathan Chatinover",59,"NEM",3975,"0209-07MX0","M",2020,"N"
42,"John Chipponeri",58,"TAM",3950,"380M-04DRE","M",2020,"N"
43,"Israel Robles",59,"MOST",3935,"430P-02PXY","M",2020,"N"
44,"Daniel Force",59,"NEM",3905,"020W-0AU15","M",2020,"N"
45,"Michael Matz",59,"1776",3900,"080H-0220W","M",2020,"N"
46,"Ray Bruce",55,"MOST",3785,"430A-0AF1A","M",2020,"N"
46,"Carey Callaghan",59,"NEM",3785,"020V-046WE","M",2020,"N"
48,"David Williamson",56,"1776",3745,"0809-042CW","M",2020,"N"
49,"Jack Harlan",59,"O*H*",3735,"180P-0968J","M",2020,"N"
50,"Gregg Recanzone",58,"DAM",3665,"3801-03GZ0","M",2020,"N"
51,"David Livengood",57,"OREG",3650,"370F-026UY","M",2020,"N"
52,"Gerry Schaffling",59,"1776",3600,"080J-Y97U9","M",2020,"N"
53,"Mark Houghton",58,"TCAM",3595,"380V-05Z76","M",2020,"N"
54,"Brian Young",55,"1776",3545,"080D-RGGS6","M",2020,"N"
55,"Dan Wheeler",55,"WSC",3465,"500K-0818S","M",2020,"N"
56,"Paul Arsenault",59,"NEM",3300,"020G-05HAY","M",2020,"N"
56,"Greg Bassett",58,"SCYM",3300,"0708-01YFC","M",2020,"N"
56,"Robert Reisch",57,"NEM",3300,"020G-0TRNR","M",2020,"N"
59,"Douglas Everett",56,"ARIZ",3160,"4801-02EWU","M",2020,"N"
60,"Brian Dollard",56,"ADMS",3115,"030H-THDXZ","M",2020,"N"
61,"Gregory Milford",59,"SFTL",3080,"500S-0AZXX","M",2020,"N"
62,"John Welch",59,"NEM",3050,"020U-RVS6T","M",2020,"N"
63,"Curt Malam",56,"PBM",2950,"500F-09E9U","M",2020,"N"
64,"Jack Defandorf",56,"NEM",2810,"020B-034WX","M",2020,"N"
65,"Charles Wilson",58,"UC02",2800,"0209-02R0X","M",2020,"N"
66,"John Harris",57,"TBAM",2650,"140V-EH2ZU","M",2020,"N"
67,"Ben Stamey",59,"NCMS",2415,"130M-B8BD5","M",2020,"N"
1,"Chris Tainty",60,"CRUZ",4835,"380D-03JCS","M",2020,"N"
2,"Andreas Seibt",62,"IM",4825,"2105-02VB9","M",2020,"N"
3,"Lars Durban",63,"PSM",4685,"360Z-02KNC","M",2020,"N"
4,"Patrick Allender",62,"OREG",4645,"370P-025Y4","M",2020,"N"
5,"James Ritter",64,"CSMT",4630,"170D-01UB1","M",2020,"N"
6,"Luke Claus",62,"CLMS",4575,"330X-064A3","M",2020,"N"
7,"Phil Sidenberg",64,"CLMS",4525,"330E-03AYK","M",2020,"N"
8,"Chuck Beatty",61,"O*H*",4470,"1807-085KM","M",2020,"N"
9,"Richard Ruderman",62,"IM",4395,"210X-09V8K","M",2020,"N"
10,"Michael McCombs",64,"NEM",4325,"020T-035EK","M",2020,"N"
11,"Fred Bartlett",64,"NEM",4285,"020V-033J5","M",2020,"N"
11,"Marc Israel",62,"SCYM",4285,"070X-06Y5B","M",2020,"N"
13,"Richard Risso",61,"CRUZ",4275,"3806-03NN7","M",2020,"N"
14,"Todd Estabrook",61,"NEM",4230,"020C-046HM","M",2020,"N"
15,"John Dickmann",61,"NEM",4205,"020F-05W22","M",2020,"N"
16,"Donald Uhlir",63,"OREG",4195,"3708-0059P","M",2020,"N"
17,"Raul Borrastero",63,"UC32",4160,"3208-0AS6X","M",2020,"N"
18,"Brian Connolly",63,"KFAC",4145,"020A-0B8RW","M",2020,"N"
19,"David Woodruff",64,"DAM",4140,"380B-03HFT","M",2020,"N"
20,"Kevin Palmer",60,"OREG",4110,"370Z-064UD","M",2020,"N"
21,"Donald Cooper",62,"NASH",4075,"1501-021NT","M",2020,"N"
21,"Eric Carlson",60,"NCMS",4075,"1304-02468","M",2020,"N"
23,"Chris Layton",61,"IM",4030,"210W-02VAE","M",2020,"N"
24,"Michael Bickel",60,"KMAN",4020,"3304-05F08","M",2020,"N"
25,"Dmitriy Lozovoy",60,"SKY",4015,"4109-06F2V","M",2020,"N"
25,"Bob Sege",62,"NEM",4015,"0209-033GF","M",2020,"N"
27,"Joe Aumiller",63,"MICH",3980,"190A-029JT","M",2020,"N"
28,"Michael Douglas",63,"OREG",3885,"370U-AUN25","M",2020,"N"
29,"Jeff Oney",62,"NEM",3870,"0204-064FD","M",2020,"N"
30,"Geoff Mccrea",62,"PBM",3860,"500M-3D94E","M",2020,"N"
30,"Jeff Waddle",60,"SRQM",3860,"1408-0A92A","M",2020,"N"
32,"Andy Mascheroni",63,"TAM",3855,"3808-03SM3","M",2020,"N"
33,"John McLaughlin",63,"MARY",3815,"090U-32HU9","M",2020,"N"
34,"Charles Grant",61,"NEM",3800,"020A-07HCP","M",2020,"N"
35,"Chris Burke",60,"NEM",3780,"0201-01SAY","M",2020,"N"
35,"Richard Lucio",61,"DDSA",3780,"480X-0B5V4","M",2020,"N"
37,"John Dolan",63,"NEM",3770,"0206-033JF","M",2020,"N"
38,"Anthony Blake",62,"PVMA",3750,"3800-03KV8","M",2020,"N"
39,"Vincent Burks",60,"NEM",3735,"0201-033TJ","M",2020,"N"
39,"Rick Heimann",61,"1776",3735,"080B-022PP","M",2020,"N"
41,"Gary Jansma",62,"GTX",3690,"430A-GNKKJ","M",2020,"N"
42,"Brian Jones",62,"DST",3685,"400V-01MTY","M",2020,"N"
43,"Brian Franco",62,"NEM",3675,"020M-0B2DG","M",2020,"N"
44,"John Ryker",62,"TULS",3650,"2703-0B4H9","M",2020,"N"
45,"Robert Gibson",64,"PBM",3645,"500R-07F9R","M",2020,"N"
46,"Franklin Johnson Jr",64,"NEM",3630,"0204-5REXV","M",2020,"N"
47,"Itzhak Reichman",63,"MOST",3625,"4300-06PJP","M",2020,"N"
48,"Douglas Graeber",61,"OREG",3610,"3707-09X74","M",2020,"N"
49,"Neil Greenspan",62,"NEM",3600,"020T-0768Z","M",2020,"N"
50,"Jeffrey Cahill",63,"T2NM",3550,"140Z-07MKC","M",2020,"N"
51,"Russell Webster",63,"TCAM",3530,"380W-02955","M",2020,"N"
52,"Michael Sweeney",60,"UC38",3495,"3806-03T41","M",2020,"N"
53,"Michael Quinn",64,"PVMA",3475,"380D-03G0X","M",2020,"N"
53,"William Shaw",64,"ARIZ",3475,"480V-02FZ7","M",2020,"N"
55,"Fred Deltorchio",63,"CMAM",3380,"380K-0ABDF","M",2020,"N"
56,"Bart Hunter",64,"OREG",3355,"3701-0A543","M",2020,"N"
57,"Jeffrey Bush",62,"1776",3350,"080Y-0221G","M",2020,"N"
58,"Jay Definis",61,"O*H*",3320,"180K-07WXM","M",2020,"N"
59,"Nicholas Solomon",63,"IM",3300,"2102-09PB4","M",2020,"N"
60,"Robert Hopkins",64,"BUMS",3250,"040F-09BRA","M",2020,"N"
60,"Simon Thornton",61,"MOST",3250,"430C-WST24","M",2020,"N"
62,"Steven Holt",63,"TCAM",3235,"3805-09R4T","M",2020,"N"
63,"Michael Pelfini",62,"TAM",3110,"380E-0A510","M",2020,"N"
64,"Benjamin Bryant",62,"NEM",3075,"020G-M5JDC","M",2020,"N"
64,"Mark Lane",63,"OREG",3075,"370N-06R2Y","M",2020,"N"
66,"Lou Hill",62,"FINA",3060,"Australia","M",2020,"N"
67,"David Champagne",60,"TAM",3000,"380S-03JUT","M",2020,"N"
68,"Kevin Perkins",60,"CMYM",2900,"090V-06MUC","M",2020,"N"
69,"Mark Woodbury",64,"UTAH",2870,"340F-067PT","M",2020,"N"
70,"Stephen Oaks",64,"ARIZ",2700,"4801-09C7F","M",2020,"N"
71,"Michael Scott",60,"NEM",2225,"020V-0A5DP","M",2020,"N"
72,"Patrick Brooks",64,"LPM",1150,"150B-ZEU6V","M",2020,"N"
1,"Sandy Mac Donald",65,"SMST",5015,"380Z-03H4C","M",2020,"Y"
2,"Larry Wood",66,"TXLA",4805,"430D-02NJF","M",2020,"N"
3,"Neil Wasserman",65,"PCY",4675,"170D-01UG5","M",2020,"N"
4,"Jamie Hemmerle",65,"1776",4560,"080N-0227Z","M",2020,"N"
5,"William Reeves",67,"SALT",4510,"340D-0310P","M",2020,"N"
6,"Mark Modjeska",67,"ARIZ",4335,"4802-004XM","M",2020,"N"
7,"Thomas Arnold",65,"SAWS",4250,"590X-03HT3","M",2020,"N"
8,"Barney Heller",66,"1776",4245,"0800-0220N","M",2020,"N"
9,"Timothy Shead",68,"SFTL",4235,"5001-SHEAD","M",2020,"N"
10,"Jack Martin",69,"SHARK",4200,"140D-0220V","M",2020,"N"
11,"Michael Stephenson",68,"OREG",4180,"370S-026ZM","M",2020,"N"
12,"Doug Brockbank",67,"OREG",4165,"370J-0269M","M",2020,"N"
13,"Jeffrey Citron",65,"MEMO",4085,"380E-03RPY","M",2020,"N"
14,"Tom Phipps",67,"OREG",4045,"3703-075TR","M",2020,"N"
15,"Stuart Kahn",67,"DAM",4020,"380V-03YFZ","M",2020,"N"
16,"Howard Burns",69,"KM",4000,"350T-03BS4","M",2020,"N"
16,"Roy Kline",68,"ADMS",4000,"0302-01M64","M",2020,"N"
18,"David Bright",67,"NEM",3900,"020K-033Y9","M",2020,"N"
19,"David Carchedi",66,"NEM",3885,"0203-0354D","M",2020,"N"
20,"Douglas Shemin",65,"NEM",3865,"0201-06J6M","M",2020,"N"
21,"James Tull",67,"TAM",3845,"380E-03HT5","M",2020,"N"
22,"Steve Kolis",65,"NEM",3780,"020U-01M7A","M",2020,"N"
23,"David Schloerb",65,"NEM",3765,"0203-033HV","M",2020,"N"
24,"Richard Swenson",67,"CMYM",3705,"090G-0A15V","M",2020,"N"
25,"Glenn Gelatt",65,"PBM",3625,"500R-UA2AZ","M",2020,"N"
26,"Stephen Dougherty",69,"1776",3600,"0808-022VT","M",2020,"N"
27,"David Madison",67,"LOM",3585,"380Y-0415Z","M",2020,"N"
28,"Majed Elturkmani",66,"NEM",3565,"020K-09KK6","M",2020,"N"
29,"Paul Dow",67,"NEM",3560,"0201-0633Z","M",2020,"N"
30,"Bill Kloppe",69,"YCFM",3550,"140A-WKCPA","M",2020,"N"
31,"Joe Hutto",69,"GAJA",3460,"450A-02DF3","M",2020,"N"
32,"Sergio Silva",65,"TAM",3445,"3808-03JXM","M",2020,"N"
33,"Philip Jonckheer",68,"TAM",3440,"3809-03K5W","M",2020,"N"
33,"Carlos Glender",66,"NCMS",3440,"130Z-083KG","M",2020,"N"
35,"Jack O'Hara",67,"1776",3425,"080W-076KN","M",2020,"N"
35,"Paul McCaffrey",66,"NEM",3425,"0205-03583","M",2020,"N"
37,"Mark Rafferty",68,"NEM",3370,"020D-0A7NX","M",2020,"N"
38,"Robert Lantz",69,"DAM",3350,"380G-03U42","M",2020,"N"
39,"Stuart Pechter",69,"PBM",3335,"500K-007SA","M",2020,"N"
40,"David Jaye",67,"NEM",3320,"020E-0474T","M",2020,"N"
41,"Mark Angelos",66,"LTOH",3305,"170M-0ATJ8","M",2020,"N"
42,"Marc Freed",67,"NEM",3300,"0203-0B8XC","M",2020,"N"
43,"Douglas Smith",69,"NEM",3275,"020Z-0472G","M",2020,"N"
44,"Steve Jordan",68,"FREM",3245,"3807-09GN1","M",2020,"N"
45,"Michael Garr",67,"NEM",3235,"020K-033VR","M",2020,"N"
46,"Doug Irminger",66,"MARY",3230,"0906-091XZ","M",2020,"N"
47,"Walter Carter",65,"OREG",3220,"3700-05XRU","M",2020,"N"
48,"Bruce Case",67,"UC33",3100,"3304-9JUEG","M",2020,"N"
49,"Curt Taylor",67,"LOM",3075,"3807-777CA","M",2020,"N"
50,"Rich Hittinger",69,"KYM",3000,"020R-587H5","M",2020,"N"
51,"John Kersten",68,"SDPM",2910,"540K-01HXE","M",2020,"N"
52,"Lee Porisch",65,"MOST",2875,"4306-02PNA","M",2020,"N"
53,"Jeffrey Robertson",69,"NBPB",2725,"0203-0771W","M",2020,"N"
54,"Alan Hirsch",66,"DAM",2650,"380Z-085A3","M",2020,"N"
55,"Steven Snitzer",65,"NEM",2535,"020Y-0B7Y4","M",2020,"N"
56,"Kevin Porter",68,"TAM",2170,"3809-03PTW","M",2020,"N"
1,"Jim Mc Conica",70,"VCM",4825,"330S-03B07","M",2020,"Y"
2,"Jim Clemmons",70,"SAWS",4695,"5908-03F93","M",2020,"N"
3,"Dan Kirkland",72,"OREG",4640,"370R-069B3","M",2020,"N"
4,"Joel Wilson",72,"CRUZ",4600,"3808-03EYR","M",2020,"N"
5,"Bob Bruce",72,"OREG",4380,"370Y-025YX","M",2020,"N"
6,"Robert Rosen",70,"CVMM",4120,"330B-03CP4","M",2020,"N"
7,"Fred Schlicher",72,"NEM",4115,"0202-033W5","M",2020,"N"
8,"Carl Selles",73,"SPM",4070,"140E-030YY","M",2020,"N"
9,"Thomas Musch",72,"UC21",3835,"210C-0B5NU","M",2020,"N"
10,"Matt Henderson",71,"OREG",3825,"370N-07UME","M",2020,"N"
11,"Pat Marzulli",72,"SPM",3780,"1400-02RMY","M",2020,"N"
12,"Jack Cothren",71,"BUMS",3740,"040K-02ZMJ","M",2020,"N"
13,"Donn Livoni",74,"BSMT",3735,"310U-025UR","M",2020,"N"
14,"John Foote",70,"TAM",3725,"3802-03F8V","M",2020,"N"
15,"Gary Parlapiano",73,"TAM",3655,"3803-03H4R","M",2020,"N"
16,"Charles Hoffman",70,"1776",3650,"080E-036XE","M",2020,"N"
17,"Jerry Meyer",71,"CMYM",3615,"090H-05RE6","M",2020,"N"
18,"John Olander",70,"NEM",3605,"0203-035MD","M",2020,"N"
19,"Robert Hicks",70,"NEM",3550,"0203-034AK","M",2020,"N"
19,"Homer Lane",71,"NEM",3550,"0203-033PH","M",2020,"N"
21,"Emilio Sovero",72,"CLMS",3450,"330E-TECHR","M",2020,"N"
22,"James Stambolis",73,"TAM",3345,"380P-03FUB","M",2020,"N"
23,"Richard Hynick",70,"MOVY",3250,"2801-0878T","M",2020,"N"
24,"Richard Sutton",72,"LMAO",3240,"2900-01JC7","M",2020,"N"
25,"Michael Linville",73,"NEM",3225,"020R-0B7VR","M",2020,"N"
26,"Robert Nelson",73,"NEM",3190,"0202-USN68","M",2020,"N"
27,"William Wheeler",70,"DAM",3175,"380H-04ZA2","M",2020,"N"
28,"Michael Carew",71,"OREG",3160,"3708-025XU","M",2020,"N"
29,"Kenneth Rugh",72,"MOST",3000,"430T-0A0PH","M",2020,"N"
30,"Carlton Sundbeck",71,"MOST",2945,"430F-09ZNJ","M",2020,"N"
31,"Arthur Russo",71,"SDPM",2800,"540P-01HXB","M",2020,"N"
32,"Rob Broderick",74,"LPM",2795,"150Z-03F10","M",2020,"N"
33,"Richard Hanan",71,"ARIZ",2625,"480X-GGJBC","M",2020,"N"
34,"Roy Pester",71,"ARIZ",2550,"480S-09KGZ","M",2020,"N"
35,"Randall Fields",72,"MOST",2365,"4309-02RC4","M",2020,"N"
36,"Curt Snow",70,"MARY",2235,"090R-RUH2U","M",2020,"N"
37,"Clyde Akbar",72,"SFTL",1540,"5008-06MA9","M",2020,"N"
38,"Kenneth Rausch",71,"SDPM",1405,"5408-0617K","M",2020,"N"
1,"Richard Burns",77,"TAM",4180,"380E-BURNS","M",2020,"N"
2,"Kenneth Frost",76,"TAM",4025,"380R-03HJH","M",2020,"N"
3,"Ralph Mohr",79,"OREG",3595,"370H-0261C","M",2020,"N"
4,"David Putnam",76,"PBM",3490,"500D-076J4","M",2020,"N"
5,"Larry Raffaelli",77,"VCM",3440,"330B-03B35","M",2020,"N"
6,"Thomas Manfredi",77,"NEM",3300,"020E-033DH","M",2020,"N"
7,"Richard Bourne",77,"DAM",3205,"380C-03HB7","M",2020,"N"
8,"Dave Casebolt",79,"SWED",3190,"210D-02UGS","M",2020,"N"
9,"Leonard Williamson",75,"UC38",3040,"380H-06J0T","M",2020,"N"
10,"Michael Dunn",78,"SDSM",3035,"440H-07ZHU","M",2020,"N"
11,"Nicholas Ribush",79,"NEM",2975,"020C-07TUB","M",2020,"N"
12,"John Foges",76,"OREG",2900,"370Z-026R3","M",2020,"N"
13,"John Spence",79,"OREG",2885,"3703-06KMM","M",2020,"N"
13,"Lee Lovitz",75,"NEM",2885,"020U-033RW","M",2020,"N"
15,"Glenn Wangdahl",78,"MARY",2850,"0909-01VWD","M",2020,"N"
16,"George Orning",78,"ARIZ",2790,"480T-05SZM","M",2020,"N"
17,"Thomas Frankel",79,"DAM",2765,"380G-040NC","M",2020,"N"
18,"John Warnke",77,"UTAH",2575,"340C-09TFG","M",2020,"N"
19,"Tom Martens",75,"DAM",2500,"380T-03M72","M",2020,"N"
20,"Michael Wingerath",75,"CMAM",2425,"380K-0YRMX","M",2020,"N"
21,"Bill Mellow",79,"OREG",2375,"3703-0265Y","M",2020,"N"
22,"John Roccabello",77,"NEM",2285,"020S-07N4D","M",2020,"N"
1,"Santiago Tapia-Perez",81,"NEM",3200,"020T-0APME","M",2020,"N"
2,"Barry Fasbender",83,"OREG",3055,"3703-BARRY","M",2020,"N"
3,"Nate Thomas",83,"SAWS",2700,"590E-060HM","M",2020,"N"
4,"Jon Nelson",81,"CRUZ",2615,"3801-03FH2","M",2020,"N"
5,"Robert Norris",82,"DAM",2575,"3806-03GE4","M",2020,"N"
6,"Neil Topliffe",80,"MICH",2570,"1908-02ADG","M",2020,"N"
7,"James (Jay) Bowditch",83,"PSM",2525,"3604-024DY","M",2020,"N"
8,"David Gilmer",83,"DAM",2425,"3806-03GYM","M",2020,"N"
9,"James Browne",82,"SHARK",2400,"140V-02RD2","M",2020,"N"
10,"George Thayer",84,"OREG",2020,"370S-025X2","M",2020,"N"
11,"James Towne",84,"NEM",925,"020A-099TA","M",2020,"N"
1,"David Radcliff",86,"OREG",3415,"370Z-025V8","M",2020,"N"
2,"Robert Benson",85,"ANCM",2900,"1004-036GJ","M",2020,"N"
3,"Mark Braly",85,"DAM",1765,"380T-074M1","M",2020,"N"
4,"Louis Schairer",86,"IM",1550,"2108-09V70","M",2020,"N"
1,"Thomas Weber",90,"NIAG",1600,"040M-01X8P","M",2020,"N"
1,"Willard Lamb",98,"OREG",2645,"370G-026V7","M",2020,"N"
1,"Olivia Heeb-Wade",23,"ETM",5005,"1204-7GV8B","W",2020,"N"
2,"Abigail Bergman",24,"IM",4550,"210D-09CWT","W",2020,"N"
3,"Sarah Glisan",23,"UC08",4500,"080C-0BB33","W",2020,"N"
4,"Cara Cannilla",24,"SCYM",4150,"0704-0B8GU","W",2020,"N"
5,"Amy Lewis",24,"TAM",4060,"380T-THPN4","W",2020,"N"
6,"Danielle Miller",24,"OREG",3940,"370M-0B228","W",2020,"N"
7,"Madeline Mahoney",24,"1776",3225,"080G-9MG9J","W",2020,"N"
8,"Nicole Cousounis",24,"1776",2885,"080F-710U7","W",2020,"N"
1,"Jessica Burkett",25,"UHM",5175,"3909-6EUM7","W",2020,"N"
2,"Rachel Lowe",29,"NCMS",5000,"130C-08EZP","W",2020,"N"
3,"Valerie Thorp",29,"CRUZ",4860,"3800-0793E","W",2020,"N"
4,"Sarah Kletzer",28,"CRUZ",4640,"380X-08BNA","W",2020,"N"
5,"Hailey Novis",25,"NEM",4590,"0206-AW6S1","W",2020,"N"
6,"Staci Schaffling",26,"1776",4235,"080S-0A2FV","W",2020,"N"
7,"Stephanie Schuffels",26,"NEM",4170,"020A-RSAZT","W",2020,"N"
8,"Madison Behan",25,"NEM",4100,"0202-RSK8H","W",2020,"N"
9,"Allison Weiner",25,"KYM",3950,"020D-1X2GX","W",2020,"N"
10,"Callie Carchedi",25,"NEM",3835,"0209-W12RV","W",2020,"N"
11,"Hanna Bartram",28,"DAM",3750,"380N-01FEH","W",2020,"N"
12,"Lisa Korbitz",29,"UC32",3550,"320G-458HX","W",2020,"N"
13,"Guro Lindgren",28,"BOZE",3535,"310D-0ABK4","W",2020,"N"
14,"Elizabeth Handen",25,"NEM",3000,"020D-Z0E60","W",2020,"N"
15,"Scarlette Kerr",25,"NCMS",2735,"1302-SH8WG","W",2020,"N"
1,"Jing Li",32,"SMM",4925,"380C-J1NG6","W",2020,"N"
2,"Heather Iwasaki",30,"UHM",4850,"3906-091KW","W",2020,"N"
3,"Heather Mohorn",33,"FINS",4775,"080M-07AKS","W",2020,"N"
4,"Alana Aubin",30,"NEM",4610,"020Z-07TSR","W",2020,"N"
5,"Sarah Dombrowski",32,"NEM",4545,"020A-0824W","W",2020,"N"
6,"Molly Brown",34,"BUMS",4435,"040N-088F6","W",2020,"N"
7,"Ellen Crumly",30,"SMM",4300,"3803-064PR","W",2020,"N"
8,"Jess Jiang",34,"TNYA",4195,"060K-071F5","W",2020,"N"
9,"Grace Ogawa",33,"OREG",4040,"370M-0AREY","W",2020,"N"
10,"Megan Doyle",33,"SAWS",4015,"5907-06Y2G","W",2020,"N"
11,"Sarah Kelso",30,"NEM",4000,"020C-DUJN4","W",2020,"N"
12,"Caitlin Schnitzer",30,"DDSA",3850,"480V-09EZF","W",2020,"N"
13,"Amanda Curry",30,"ROCH",3800,"040Y-G3D3W","W",2020,"N"
14,"Christina Hom",30,"NEM",3615,"0203-0B02R","W",2020,"N"
15,"Rebecca Mabile",30,"SDM",3200,"340Y-RGW1F","W",2020,"N"
16,"Iliyana Borisova",34,"NEM",3160,"020F-VSTV6","W",2020,"N"
17,"Hope Kramek",32,"DDSA",3125,"480B-VKUXG","W",2020,"N"
18,"Christine Mellen",34,"NEM",3070,"020X-083RE","W",2020,"N"
19,"Lauren Sager",31,"NBPB",2725,"0209-0AU57","W",2020,"N"
1,"Kelly Harrigan",36,"MMAC",4960,"480D-06YT8","W",2020,"N"
2,"Laura Nuudi",39,"WSC",4700,"500C-09K0T","W",2020,"N"
3,"Stephanie Raezer",38,"LTOH",4675,"1704-UKVD2","W",2020,"N"
4,"Sarah Sutton",37,"NEM",4635,"020D-XYEC6","W",2020,"N"
5,"Diane Leith-Doucett",38,"NEM",4595,"020W-06M9Z","W",2020,"N"
6,"Marie Bowman",38,"CMYM",4475,"090W-0B15D","W",2020,"N"
7,"Jenny Rood",35,"NEM",4405,"020H-06HVF","W",2020,"N"
8,"Sarah Swoch",35,"SPM",4350,"1408-02TVT","W",2020,"N"
9,"Jessica Bailey",37,"NEM",4345,"0208-ETR9D","W",2020,"N"
10,"Jennifer Burgos",35,"NEM",4260,"0200-05NXP","W",2020,"N"
11,"Kathleen Pelczynski",35,"NCMS",4180,"130E-06W4X","W",2020,"N"
12,"Nicole Bott",35,"MOST",4160,"4307-08EEJ","W",2020,"N"
13,"Lili Peng",37,"UC02",4140,"020A-07CX8","W",2020,"N"
14,"Whitney Mitchell",38,"CRUZ",4085,"380H-YAZUE","W",2020,"N"
15,"Stephanie Winslow",39,"NEM",4045,"020G-07HAG","W",2020,"N"
16,"Meghan Kruse",38,"NCMS",4035,"130N-0A4X3","W",2020,"N"
17,"Lizzy Pope",37,"NEM",4000,"0202-07U0S","W",2020,"N"
18,"Meredith Haas",37,"NEM",3955,"020G-0AUN5","W",2020,"N"
19,"Amanda Callahan",38,"OREG",3900,"370B-06JB5","W",2020,"N"
20,"Hannah Plimpton",35,"1776",3815,"080V-05XZT","W",2020,"N"
21,"Erin McGarry",39,"ROCH",3800,"040T-09ZYD","W",2020,"N"
22,"Sara Mccarthy",35,"PBM",3720,"5003-24XR5","W",2020,"N"
22,"Kaitlin Pattishall",37,"1776",3720,"080Z-F0FH2","W",2020,"N"
24,"Tralee Whitley",38,"OREG",3715,"370M-0A9ED","W",2020,"N"
25,"Kim Bowler",37,"KM",3680,"350T-JK4AW","W",2020,"N"
26,"Alexandra Barber-Taylor",37,"CMS",3650,"320W-06SSY","W",2020,"N"
27,"Erica Felins",38,"NEM",3585,"020J-Y7UYD","W",2020,"N"
28,"Sarah Glitto",35,"WSTM",3400,"2106-0AVT0","W",2020,"N"
29,"Tina Ruble",38,"1776",3185,"080G-J06K8","W",2020,"N"
30,"Katharine Reilly",39,"1776",2970,"080J-G8894","W",2020,"N"
31,"Ruth Meeks",36,"NEM",2830,"020M-HV3BZ","W",2020,"N"
32,"Sarah Perkins",36,"CONN",2500,"050B-0ATTH","W",2020,"N"
33,"Sarah King",37,"CONN",2350,"0501-07PBT","W",2020,"N"
1,"Irish Holland",40,"NCMS",4885,"1302-0B0MF","W",2020,"N"
2,"Jessica Stokes",44,"NEM",4765,"020T-033CJ","W",2020,"N"
3,"Kelly Couch",43,"SMM",4730,"3807-03X5H","W",2020,"N"
4,"Stacey Kiefer",42,"OREG",4630,"3709-01RAS","W",2020,"N"
5,"Jennifer Downing",42,"NEM",4610,"0206-034VS","W",2020,"N"
6,"Maribeth Wood",42,"1776",4500,"0803-0AKEY","W",2020,"N"
7,"Laurie Craigen",43,"NEM",4400,"020F-MH576","W",2020,"N"
8,"Mary Westkott",43,"NEM",4360,"0209-0025K","W",2020,"N"
9,"Stacey Ostrin",43,"OREG",4230,"370K-085N6","W",2020,"N"
10,"Paige Blodget",41,"OREG",4140,"370H-3397F","W",2020,"N"
11,"Lydia Mikoff",42,"SLAM",4100,"220A-0B3VS","W",2020,"N"
12,"Mina Whitmer",42,"BNG",4075,"240P-D0C13","W",2020,"N"
12,"Rachel Rivera",42,"DLMA",4075,"160F-RAE78","W",2020,"N"
14,"Jennifer Jones",44,"MOST",4060,"430S-096DK","W",2020,"N"
15,"Annmarie Winkis",42,"1776",3900,"080A-0222J","W",2020,"N"
16,"Donna Giurtino",40,"1776",3785,"080Z-07XGA","W",2020,"N"
17,"Ananda Bergeron",42,"SPM",3465,"1400-0ACMZ","W",2020,"N"
18,"Danielle Keesee",41,"CLMS",3450,"3309-0B8DT","W",2020,"N"
18,"Hannah Davies",40,"MOST",3450,"4308-8PX1E","W",2020,"N"
20,"Stacey Pulver",43,"MARY",3435,"090A-079V7","W",2020,"N"
21,"Elaine Howley",43,"NEM",3425,"0203-EKH20","W",2020,"N"
22,"Stacy Davis",44,"UC32",3390,"3203-0B6E2","W",2020,"N"
23,"Chantal Levin",44,"1776",3345,"080E-5X802","W",2020,"N"
24,"Danielle Bean",41,"NEM",3335,"0205-06PCA","W",2020,"N"
25,"Kimberly Warner",43,"OREG",3240,"370H-0AGAM","W",2020,"N"
26,"Megan Gordon",42,"DAM",3215,"380K-03V2C","W",2020,"N"
27,"Charlotte Glenn",43,"DDSA",3115,"4809-0B7AH","W",2020,"N"
28,"Karen Gaffney",43,"OREG",3030,"3704-026YR","W",2020,"N"
29,"Ingrid Roberti",42,"OREG",3005,"3702-AT52S","W",2020,"N"
30,"Charlotte Stutz",43,"KYM",2565,"0202-G97FC","W",2020,"N"
1,"Stacey Bruce",46,"PALM",5180,"550E-01HAD","W",2020,"N"
2,"Alison Hayden",49,"SPM",4860,"1401-045GD","W",2020,"N"
3,"Jill Lancaster",47,"NEM",4660,"0208-080ZP","W",2020,"N"
4,"Merin Troutman",47,"NEM",4545,"0203-01SAF","W",2020,"N"
5,"Hannah Borgeson",48,"TNYA",4535,"060P-02Z4P","W",2020,"N"
6,"Kirsten Goldhammer",49,"MOST",4490,"4303-020DN","W",2020,"N"
7,"Stephanie Henry",46,"IM",4450,"210U-09R25","W",2020,"N"
8,"Michelle McRae",45,"PSM",4360,"360S-04FBZ","W",2020,"N"
8,"Kristin Wilkes-White",49,"NEM",4360,"020C-033SB","W",2020,"N"
10,"Kelli Broussard",48,"SRM",4300,"380X-01T55","W",2020,"N"
11,"Teresa ""Tracy"" Knight",48,"INDY",4225,"160Z-02AKX","W",2020,"N"
12,"Alison Meadow",47,"ARIZ",4175,"480G-01P5J","W",2020,"N"
13,"Anicia Criscione",47,"OREG",4155,"370A-EYEEM","W",2020,"N"
14,"Suzanne Dearworth",48,"PBM",4085,"5007-027H7","W",2020,"N"
14,"Rosa Chang",46,"IM",4085,"210T-K7WRG","W",2020,"N"
16,"Bori Mazzag",47,"HUMM",4075,"380V-0056A","W",2020,"N"
17,"Kate Ufford",45,"VCM",4070,"330G-09ES7","W",2020,"N"
18,"Maddy Zeylikman",46,"NEM",4045,"020R-Y3K7N","W",2020,"N"
19,"Suzy Jajewski",45,"OREG",4000,"370X-074MV","W",2020,"N"
20,"Robin Zehnder Muskopf",45,"LTOH",3990,"170N-0A8YM","W",2020,"N"
21,"Nellie Sperka",47,"DAM",3860,"3809-03XRM","W",2020,"N"
22,"Julia Weidner",46,"USN",3825,"1403-W50D9","W",2020,"N"
23,"Jen Morin",46,"NEM",3800,"0200-07X2P","W",2020,"N"
24,"Louisa Teo",46,"NEM",3740,"020A-0AU2P","W",2020,"N"
25,"Tracy Williams",48,"PBM",3640,"5004-09DRD","W",2020,"N"
26,"Kelly Elkins",45,"CMYM",3635,"090H-0B3YZ","W",2020,"N"
27,"Christina Lorenson",48,"KYM",3600,"0205-06WT1","W",2020,"N"
28,"Mara Monetti",46,"NEM",3595,"020T-T7C0B","W",2020,"N"
29,"Hillary Morris",45,"PBM",3570,"500S-095WK","W",2020,"N"
30,"Stefanie Carter",48,"NEM",3525,"020T-034EK","W",2020,"N"
31,"Tae Smith",47,"ROCH",3375,"0405-0AMXZ","W",2020,"N"
32,"Stacey Danner",49,"OREG",3365,"370S-06V9Z","W",2020,"N"
33,"Eryn Kehe",46,"OREG",3280,"3704-0APGH","W",2020,"N"
34,"Diane Wealand",49,"1776",3255,"080C-0B2GU","W",2020,"N"
35,"Christy Knight",47,"CTS",3215,"4301-0B70T","W",2020,"N"
36,"Kelly Ezagury",45,"TBAM",3195,"140S-0AMH4","W",2020,"N"
37,"Vinka Craver",45,"NEM",3190,"0206-679TZ","W",2020,"N"
38,"Susan Bedell",46,"UC12",3125,"120U-074EZ","W",2020,"N"
39,"Jennifer Vasko",49,"DDSA",3080,"4800-0B8NJ","W",2020,"N"
40,"Ana Sunshine Danielson",45,"OREG",2850,"370R-6AVF4","W",2020,"N"
41,"Jenny Hodges",46,"SDPM",2840,"5407-01HZM","W",2020,"N"
42,"JJ Good",47,"LTOH",2805,"170D-6YPJ1","W",2020,"N"
43,"Anik St martin",45,"UC37",2680,"370U-N0ERD","W",2020,"N"
44,"Missy Setty",46,"MICH",2300,"190U-6DKSF","W",2020,"N"
45,"Diana Nguyen",48,"RIPT",2055,"3308-0B7ZT","W",2020,"N"
1,"Dana Gianniny",51,"ROCH",4960,"040W-01X7C","W",2020,"N"
2,"Victoria Rian",54,"NAST",4760,"160A-02AD8","W",2020,"N"
3,"Paula Texel",50,"SPM",4675,"140H-0625D","W",2020,"N"
4,"Anne Cappola",51,"1776",4665,"080D-022E0","W",2020,"N"
5,"Cynthia Hertzer",51,"CRUZ",4535,"380U-CHSWM","W",2020,"N"
5,"Charlotte Brynn",54,"NEM",4535,"020Z-034BA","W",2020,"N"
7,"Lynn Sondag",52,"TAM",4465,"380C-07P2X","W",2020,"N"
8,"Karen Westerman",53,"SPM",4450,"1402-02RX6","W",2020,"N"
9,"Heidi Williams",51,"NCMS",4375,"130V-022YV","W",2020,"N"
10,"Emma Garforth",52,"DAM",4335,"380T-06SFT","W",2020,"N"
11,"Gillian Salton",52,"OREG",4280,"3700-05G96","W",2020,"N"
12,"Heather Lugassy",50,"TAM",4240,"380S-03K63","W",2020,"N"
13,"Cathy Gainor",53,"ANCM",4185,"100B-037TJ","W",2020,"N"
14,"Tabitha Brandt",52,"SPM",4160,"140J-002H2","W",2020,"N"
15,"Toni Hecksel",54,"OREG",4150,"3702-0261S","W",2020,"N"
15,"Sheila Nelson",52,"SRM",4150,"380N-024PJ","W",2020,"N"
17,"Catharine Cebrowski",50,"MOST",4140,"4301-06P0P","W",2020,"N"
18,"Karen Simontacchi Brisson",52,"TAM",4100,"380M-03H68","W",2020,"N"
19,"Wendy Stoudt",50,"1776",4080,"080K-0AN2K","W",2020,"N"
20,"Marta Bechhoefer",53,"CRUZ",4065,"380A-03PWF","W",2020,"N"
21,"Gillian Langton",53,"NEM",4060,"020V-0078P","W",2020,"N"
22,"Brenda McLuskie",54,"NCMS",3980,"1306-00600","W",2020,"N"
23,"Jocelyn Nokes",50,"NEM",3950,"0205-WCTAJ","W",2020,"N"
24,"Robin Condie",53,"OREG",3880,"370F-075ET","W",2020,"N"
25,"Donna Neuendorf",52,"NEM",3810,"0203-0359H","W",2020,"N"
26,"Leann Rossi",54,"AWJ",3800,"450E-064M8","W",2020,"N"
27,"Louise Davies",50,"NEM",3760,"020W-06SBX","W",2020,"N"
28,"Tiitta Elias",53,"MOST",3740,"430F-02PPN","W",2020,"N"
29,"Stephanie Cotsonas",50,"NEM",3730,"020X-061XN","W",2020,"N"
30,"Sarah Cappelli",53,"NEM",3705,"020W-0A5TG","W",2020,"N"
31,"Julie Ahrendt",50,"OREG",3700,"370J-006CP","W",2020,"N"
32,"Jennifer Barlow",54,"NEM",3670,"020G-06F3A","W",2020,"N"
33,"Jane Schwechheimer",54,"NEM",3655,"020A-0AVCD","W",2020,"N"
34,"Jane Urban",51,"UC02",3650,"0209-0A60N","W",2020,"N"
35,"Dee Davis",54,"ENSW",3625,"150T-021WD","W",2020,"N"
36,"Jennifer Wardell",52,"OREG",3605,"370G-026JF","W",2020,"N"
37,"Lynne Czech",53,"NEM",3600,"0202-005K7","W",2020,"N"
38,"Megan Morrow",52,"CVMM",3580,"3302-0AX0Y","W",2020,"N"
39,"Jill Swavely",54,"1776",3525,"0806-085DV","W",2020,"N"
40,"Amanda Spellman",54,"NBPB",3425,"0207-0472E","W",2020,"N"
40,"Jessica Rapp",51,"NEM",3425,"020S-0478X","W",2020,"N"
42,"Jaime Mack",53,"OREG",3415,"3706-026PG","W",2020,"N"
43,"Ruth Giles-Ott",52,"IM",3410,"210Y-02VKN","W",2020,"N"
44,"Lorena Arellano",54,"TCAM",3390,"380M-05V3E","W",2020,"N"
45,"Noel Ellett",52,"MSMA",3350,"380K-0B2BN","W",2020,"N"
46,"Ingrid Bon",50,"WSC",3315,"500R-07ZM1","W",2020,"N"
47,"Lynette Kenney",50,"NBPB",3300,"020R-0ARD8","W",2020,"N"
48,"Laura Smoot",51,"DAM",3200,"380C-0AY4A","W",2020,"N"
49,"Holly Watkinson",50,"CVMM",3150,"330E-0B8ZZ","W",2020,"N"
50,"Suzanne Zurcher",53,"1776",3125,"080W-0AJSJ","W",2020,"N"
51,"Sarah Hahn",52,"CTS",3070,"430D-02RA5","W",2020,"N"
52,"Flavia Medlin",53,"O*H*",3050,"1800-02RHK","W",2020,"N"
52,"Lora Murray",53,"DAM",3050,"380W-46FSN","W",2020,"N"
54,"Jacqueline Romo",51,"DAM",3025,"380T-03S0P","W",2020,"N"
55,"Mary Pasquale",54,"NEM",3000,"0209-077K4","W",2020,"N"
55,"Mary Walton",54,"NEM",3000,"020E-08471","W",2020,"N"
55,"Jennifer McCuin",51,"NEM",3000,"020Y-0958C","W",2020,"N"
58,"Jennifer Guirl",50,"MOST",2965,"4300-04KSA","W",2020,"N"
59,"Peggy Foley",52,"NBPB",2910,"0202-0B7J1","W",2020,"N"
60,"Kira Halpern",54,"ALB",2905,"380R-0A2CG","W",2020,"N"
61,"Kimberly Raymond",54,"NEM",2890,"0206-08214","W",2020,"N"
62,"Donna Waltmann",51,"VCM",2875,"330H-09G31","W",2020,"N"
63,"Tracey Martinson",53,"AKMS",2700,"5608-0B272","W",2020,"N"
64,"Kristi Schnipke",52,"UAR",2660,"170D-3SJSA","W",2020,"N"
65,"Sophia Horsman",52,"OREG",2565,"370T-EPW5V","W",2020,"N"
66,"Catherine Davis Hayes",54,"KYM",2500,"020P-BG261","W",2020,"N"
67,"Jody Wesgate",53,"SFTL",2420,"500C-06X1X","W",2020,"N"
68,"Janet Wittenbraker",54,"DDSA",2245,"480T-0B6FD","W",2020,"N"
1,"Laurie Hug",55,"1776",4995,"0802-0226X","W",2020,"N"
2,"Charlotte Petersen",56,"SPM",4900,"140F-02RF8","W",2020,"N"
3,"Marianne Countryman",56,"AWJ",4795,"450G-06YDK","W",2020,"N"
4,"Kimberly Elsbach",57,"DAM",4765,"3803-D0NUT","W",2020,"N"
5,"Patricia Campbell",56,"RIDG",4705,"2606-07HAU","W",2020,"N"
6,"Valerie Jenkins",57,"OREG",4665,"3709-0265K","W",2020,"N"
7,"Vibeke Swanson",59,"1776",4660,"080W-02223","W",2020,"N"
8,"Val Van Horn Pate",58,"VMST",4620,"120K-02HHP","W",2020,"N"
9,"Charlotte Hollings",56,"VMST",4585,"120K-02JDH","W",2020,"N"
10,"Stephanie Saucy",57,"1776",4480,"080A-07VRM","W",2020,"N"
11,"Pia Walsh",56,"AAAA",4425,"430D-0A04E","W",2020,"N"
12,"Dawn Clark",56,"SPM",4350,"140E-05VRX","W",2020,"N"
13,"Marcia Cleveland",56,"IM",4315,"210D-MC944","W",2020,"N"
14,"Jo-Ann Elo",59,"SHARK",4300,"140D-0B67R","W",2020,"N"
15,"Arlene Delmage",58,"OREG",4265,"370T-01Z4F","W",2020,"N"
16,"Sallie Bartkowiak",55,"MICH",4250,"190J-0A1DG","W",2020,"N"
17,"Cheryl Kupan",56,"SPM",4205,"140B-01SAD","W",2020,"N"
18,"Jane Russell",57,"DAM",4170,"380T-074TS","W",2020,"N"
19,"Liz Huelsman",58,"UAR",4135,"170G-04P18","W",2020,"N"
20,"Kelley Ryan-Warner",57,"TAM",4050,"380U-03JEB","W",2020,"N"
21,"Noreen Uppstrom",56,"1776",4045,"0804-0485W","W",2020,"N"
22,"Elizabeth Musser",56,"TAM",4040,"380Y-0401V","W",2020,"N"
23,"Kristina Rebert",57,"YWMA",4020,"080U-070MC","W",2020,"N"
24,"Barbara Burke",59,"1776",4015,"080W-0221J","W",2020,"N"
24,"Mary Gentry",59,"NEM",4015,"0202-033PZ","W",2020,"N"
26,"Jeanne Danford",57,"PBM",4005,"5002-028BV","W",2020,"N"
27,"Renee Quistorf",56,"PSM",3955,"360D-02MGV","W",2020,"N"
28,"Pamela Ronald",59,"DAM",3940,"3803-03GZ2","W",2020,"N"
29,"Carolyn KielyKilpatrick",56,"NEM",3915,"020W-072DN","W",2020,"N"
30,"Barbara Lincoln",55,"MOST",3845,"4302-0A8RY","W",2020,"N"
31,"Jill Robertson",57,"UC33",3800,"3305-02FNV","W",2020,"N"
32,"Becky Nelson",56,"TBAM",3765,"140N-02RXR","W",2020,"N"
33,"Suzanne Towne",55,"NEM",3760,"0205-08279","W",2020,"N"
34,"Jennifer Phalen",56,"DAM",3755,"380K-JENNY","W",2020,"N"
35,"Mary Ann Stich",59,"TAM",3675,"380U-03SAF","W",2020,"N"
36,"Julie Langston",58,"DAM",3670,"380X-03GYT","W",2020,"N"
37,"Peggy Rupert",59,"ARIZ",3655,"480H-09NTD","W",2020,"N"
38,"De Shann Schinkel",56,"MOST",3650,"4304-DBS53","W",2020,"N"
39,"Judianne Davis",59,"NEM",3605,"020G-04CB1","W",2020,"N"
40,"Laura Delorey",58,"NEM",3600,"020V-06HKC","W",2020,"N"
41,"Mary Fagan",56,"LOCO",3550,"550H-07HXG","W",2020,"N"
42,"Pippa Michaels",59,"SCYM",3540,"070R-0A3KW","W",2020,"N"
43,"Anne McGuigan",59,"BUMS",3500,"040G-07S1F","W",2020,"N"
44,"Catherine Olson",57,"NEM",3470,"020E-084FT","W",2020,"N"
45,"Kristina Fayyad",58,"SMM",3450,"380W-0B5XV","W",2020,"N"
46,"Julie Disilvestro",55,"NEM",3440,"0209-06M6B","W",2020,"N"
47,"Laurie Hoyt",58,"NEM",3415,"020C-09GC9","W",2020,"N"
48,"Laura Evans",56,"UC12",3410,"120R-033N5","W",2020,"N"
49,"Nathalie Dulac",56,"FCST",3400,"250D-04E0C","W",2020,"N"
50,"Anita Burkard",57,"OREG",3385,"370A-02VU4","W",2020,"N"
50,"Sue Langley",55,"SAWS",3385,"5906-0B8DP","W",2020,"N"
52,"Maria Delton",55,"SWED",3375,"210W-0AKMA","W",2020,"N"
53,"Denise Pody",59,"1776",3350,"0804-062HE","W",2020,"N"
54,"Cathy Goodwin",55,"PBM",3320,"500E-08CWV","W",2020,"N"
55,"Maureen Wieler",57,"NEM",3275,"020G-07TP4","W",2020,"N"
55,"Lee Ann Banks",59,"NEM",3275,"020C-098RW","W",2020,"N"
57,"Norma DeGuenther",58,"TBAM",3250,"140T-065VR","W",2020,"N"
58,"Cindy West-Schaefer",57,"1776",3215,"0801-9D3MD","W",2020,"N"
59,"Patricia Lambert",57,"NEM",3175,"020R-09G8U","W",2020,"N"
60,"Karin Stokes",59,"NEM",3160,"0200-ST0KD","W",2020,"N"
61,"Denise Costanzo",56,"MICH",3150,"190H-EYCAT","W",2020,"N"
62,"Antoinette Marsh",55,"LTOH",3135,"170J-PTR9D","W",2020,"N"
63,"Leah Carroll",59,"ALB",3125,"380K-09H3C","W",2020,"N"
64,"Susan Hannel",57,"NEM",3020,"020B-05GYM","W",2020,"N"
65,"Patricia Deters",59,"CMS",3000,"320J-0AV1K","W",2020,"N"
65,"Tammy Duhaime",58,"MOST",3000,"4306-05NXR","W",2020,"N"
67,"Heidi Bettendorf",56,"PBM",2960,"5007-0B0PC","W",2020,"N"
67,"Liz Reichman",58,"MOST",2960,"430F-04KK5","W",2020,"N"
69,"Bo Hatfield",59,"NEM",2875,"020F-069RW","W",2020,"N"
70,"Ellen Hart",59,"UC12",2850,"1202-0A8H5","W",2020,"N"
71,"Courtney Douglas",58,"NCMS",2760,"1302-0H4K1","W",2020,"N"
72,"Nancy Osgood",58,"SRQM",2750,"140H-NGC15","W",2020,"N"
73,"Yannick Oney",58,"NEM",2735,"020Y-064FH","W",2020,"N"
73,"Alice Caroompas",56,"BUMS",2735,"0402-0A6HE","W",2020,"N"
75,"Lucy Strawsburg",59,"NCMS",2625,"130Z-DNN4G","W",2020,"N"
76,"Carolyn Placke",56,"FINS",2600,"080E-0223P","W",2020,"N"
77,"Sue Ann Richardson",56,"NEM",2550,"020T-05VA9","W",2020,"N"
78,"Sheira Kahn",56,"TAM",2510,"3807-0664R","W",2020,"N"
79,"Melanie Bowden",57,"DAM",2425,"380V-03FZX","W",2020,"N"
80,"Deborah Wilson",58,"LTOH",2405,"170T-0B33V","W",2020,"N"
81,"Vivienne Buckert",56,"UTAH",2375,"340S-K7ZP1","W",2020,"N"
82,"Rita Hansen",58,"NEM",2340,"020Y-06G8G","W",2020,"N"
83,"Sandra O'Connor",59,"NEM",2020,"020D-0B8SG","W",2020,"N"
1,"Stacey Warmuth",64,"VCM",4765,"3300-03ERT","W",2020,"N"
2,"Karen Einsidler",64,"SHARK",4640,"1404-01S73","W",2020,"N"
3,"Susan Ritter",63,"CSMT",4485,"170E-01UB2","W",2020,"N"
4,"Colette Crabbe",64,"OREG",4475,"370D-02645","W",2020,"N"
5,"Stephanie Martin",61,"OREG",4395,"3703-01P7F","W",2020,"N"
6,"Denise Brown",61,"MICH",4375,"1902-01U86","W",2020,"N"
7,"Susan Ingraham",61,"MOST",4355,"430F-SUSAN","W",2020,"N"
8,"Leslie Craven",61,"NEM",4300,"0206-004WN","W",2020,"N"
9,"Tamara Burton",62,"PBM",4290,"500S-099CG","W",2020,"N"
10,"Susan Gordon-Arnold",60,"SAWS",4270,"590N-03SVR","W",2020,"N"
11,"Judith Norton",63,"O*H*",4255,"180W-01PJY","W",2020,"N"
12,"Martha Joyce",60,"TAM",4245,"380A-03NAZ","W",2020,"N"
13,"Sue Jensen",60,"NEM",4235,"0203-046WN","W",2020,"N"
14,"Suzanne Cuda",60,"MOST",4225,"4300-008RJ","W",2020,"N"
15,"Barbara Wheeler",63,"TAM",4200,"3804-03J0K","W",2020,"N"
16,"Kathleen Widland",64,"ZAM",4190,"160H-02M2J","W",2020,"N"
17,"Sharon Steinmann",62,"SPM",4175,"140X-02RG3","W",2020,"N"
18,"Linda Buchanan",63,"MMAC",4050,"480K-03H77","W",2020,"N"
19,"Tracy Grilli",63,"NEM",4010,"020K-RDS0X","W",2020,"N"
20,"Mimi Ward",62,"SKY",3985,"410Y-01WAH","W",2020,"N"
21,"Julie Eakle",60,"MOST",3970,"430V-02NPK","W",2020,"N"
22,"Gladney McKay",60,"MARY",3960,"090K-01VAS","W",2020,"N"
23,"Julie Van Cleave",61,"WMAC",3915,"200K-01R7V","W",2020,"N"
24,"Margaret Haskins",62,"NEM",3880,"020A-05UC8","W",2020,"N"
25,"Karen Rokich",61,"SKY",3860,"410A-01UB5","W",2020,"N"
26,"Stephanie Hevenor",62,"NEM",3845,"020E-06NB3","W",2020,"N"
26,"Donna Taylor",62,"HUMM",3845,"380T-026TZ","W",2020,"N"
28,"Sherri Nichelman",60,"CMAM",3840,"380V-0AW7Z","W",2020,"N"
29,"Anne Claman",63,"TAM",3815,"3805-03HVG","W",2020,"N"
30,"Janice Kregor",64,"SKY",3730,"4103-01W54","W",2020,"N"
31,"Sharon Blaha",60,"DAM",3725,"380N-DAM82","W",2020,"N"
32,"Jessica Jakobi",62,"TAM",3715,"380P-03FM5","W",2020,"N"
32,"Shari Sturm",60,"MASH",3715,"100J-06HYT","W",2020,"N"
34,"Patricia Nardozzi",61,"SPM",3710,"140Y-02RG2","W",2020,"N"
35,"Nancy Vincent",61,"OREG",3680,"370R-0260N","W",2020,"N"
36,"Paula Moores",63,"SAWS",3675,"590P-01J0E","W",2020,"N"
37,"Mary Phelan",64,"NEM",3660,"020R-0620Y","W",2020,"N"
38,"Laura Davis",61,"UC02",3650,"020N-075N1","W",2020,"N"
39,"Carla Albano",62,"SFTL",3640,"500S-FYSHY","W",2020,"N"
40,"Maddie Diedo",62,"MICH",3625,"1902-028U9","W",2020,"N"
41,"Pamela Ogden",63,"MINN",3615,"300S-024JH","W",2020,"N"
41,"Caitlin McVarish",60,"TAM",3615,"380V-01SCF","W",2020,"N"
43,"Christina Fox",60,"OREG",3610,"370Y-0264J","W",2020,"N"
44,"Barbara Robinson",60,"MASH",3605,"100R-0B5KB","W",2020,"N"
45,"Susan Taylor",62,"MARY",3600,"090N-01VKZ","W",2020,"N"
46,"Sarah Jamieson",60,"MARY",3570,"0908-01VBX","W",2020,"N"
47,"Lizzie Cheney",64,"OREG",3525,"370W-02655","W",2020,"N"
48,"Jean Lambert",60,"NEM",3520,"0205-04783","W",2020,"N"
49,"Janet Siniscalchi",64,"PBM",3475,"500S-079VZ","W",2020,"N"
50,"Judy Beckman",61,"NEM",3455,"0205-033X8","W",2020,"N"
51,"Deborah Paquin",61,"NOVA",3425,"3303-040D1","W",2020,"N"
52,"Christine Brotherton-Pleiss",62,"FREM",3410,"380F-095YC","W",2020,"N"
53,"Laura Healy",60,"CLMS",3400,"330D-06SJB","W",2020,"N"
54,"Cheryl McElroy",63,"NEM",3375,"020R-034C3","W",2020,"N"
55,"Deborah Pederson",63,"MOST",3330,"4307-09U2V","W",2020,"N"
56,"Cynthia Henley",62,"SFTL",3325,"500A-07SFD","W",2020,"N"
57,"Jo-Ann Berry",64,"PBM",3320,"500D-027YV","W",2020,"N"
58,"Kathryn Cronin",62,"PBM",3280,"500K-033U1","W",2020,"N"
59,"Maura Twomey",64,"NEM",3275,"020B-047BV","W",2020,"N"
60,"Sue Gray",63,"NEM",3260,"020W-080MF","W",2020,"N"
61,"Carrie Butler",61,"UC16",3250,"1606-02AF7","W",2020,"N"
62,"Rosie Delacruz",60,"NEM",3200,"0209-035YD","W",2020,"N"
63,"Debby Eisinger",62,"SFTL",3175,"5001-095ZS","W",2020,"N"
64,"Irene Vold",62,"MARY",3170,"0901-01KVC","W",2020,"N"
65,"Merrill Hilf",60,"FINS",3165,"080D-0223N","W",2020,"N"
66,"Jennifer Brehob",62,"NEM",3160,"020U-03547","W",2020,"N"
67,"Sarah Carter",64,"NEM",3125,"020A-093GS","W",2020,"N"
68,"Sharon Friedman",61,"PBM",3100,"500K-06BNV","W",2020,"N"
68,"Lisa Cannon",62,"NOVA",3100,"330W-09W4V","W",2020,"N"
70,"Kathy Pazera",62,"NEM",3090,"0203-06T7F","W",2020,"N"
71,"Lesley Engelson",64,"NEM",3085,"0202-0AS50","W",2020,"N"
72,"Jill Anderson",64,"ARIZ",3075,"4808-03ANG","W",2020,"N"
73,"Hilary Walton",61,"LOCO",3050,"550G-2NMRN","W",2020,"N"
74,"Lori Kletzer",63,"CRUZ",3035,"3809-H5FY9","W",2020,"N"
75,"Deanna Johnson",64,"DAM",3025,"380D-041KE","W",2020,"N"
75,"Kathy Gregory",64,"CGMS",3025,"120S-07NNR","W",2020,"N"
75,"Karen Philleo",60,"DAM",3025,"380E-067CR","W",2020,"N"
78,"Cynthia Grafton",63,"DAM",3000,"380Z-08EFF","W",2020,"N"
78,"Sharleen Goguen",63,"NEM",3000,"020J-033S4","W",2020,"N"
80,"Katie CroftWalsh",64,"MOST",2980,"430Y-KAT1E","W",2020,"N"
81,"Martha Piemonte",62,"NEM",2960,"020S-0AUFP","W",2020,"N"
82,"Kate Mehler",63,"ALB",2940,"380G-085A2","W",2020,"N"
82,"Karen Lewin",64,"PBM",2940,"5009-06124","W",2020,"N"
84,"Kathleen Gorman",64,"NEM",2935,"020N-07K98","W",2020,"N"
85,"Carrie Jacobson",61,"SDPM",2920,"5400-05HGJ","W",2020,"N"
86,"Marilyn Hickey",61,"NEM",2885,"0201-07K7P","W",2020,"N"
87,"Liz Baum",60,"NEM",2850,"020W-075MU","W",2020,"N"
88,"Marie DeGennaro",60,"MOST",2780,"430S-02PWB","W",2020,"N"
89,"Ann Walsh",61,"NEM",2770,"020H-033WA","W",2020,"N"
90,"Taylor Reed",64,"DDSA",2750,"4804-0B658","W",2020,"N"
91,"Peggy Evans",61,"SFTL",2715,"5006-09Z7E","W",2020,"N"
92,"Claire Walton",63,"NEM",2690,"020U-09RRF","W",2020,"N"
93,"Judith Greene-Janse",60,"ALB",2615,"3801-0A69V","W",2020,"N"
94,"Lynn Cabana",64,"NEM",2570,"020V-07EDV","W",2020,"N"
95,"Ruth Meyers",63,"CMAM",2525,"3806-0AA7W","W",2020,"N"
96,"Deb Rateri",60,"SKY",2485,"410M-06X4A","W",2020,"N"
97,"Jill Wiest",61,"PENN",2465,"080K-B2C7E","W",2020,"N"
98,"Eileen Glovsky",64,"NEM",2450,"020C-08DWB","W",2020,"N"
99,"Valerie Andersen",64,"NEM",2440,"0202-0832J","W",2020,"N"
100,"Caryl Schiavon",62,"OREG",2400,"3703-07KY0","W",2020,"N"
101,"Deirdre Flicker",61,"NEM",2390,"020J-081K7","W",2020,"N"
102,"Valerie Yankauskas",64,"NEM",2350,"020Y-1J7C8","W",2020,"N"
103,"Darlene Burger",63,"TAM",2225,"380H-DC1J2","W",2020,"N"
104,"Peggy Dold",63,"LPM",1875,"150E-0A6PU","W",2020,"N"
1,"Nancy Steadman Martin",66,"GSM",4660,"0705-01Y2C","W",2020,"Y"
2,"Shirley Loftus-Charley",69,"VMST",4560,"1201-WATER","W",2020,"N"
3,"Lo Knapp",66,"UTAH",4430,"340Y-003ZB","W",2020,"N"
4,"Darcy LaFountain",65,"PBM",4265,"500H-0212Z","W",2020,"N"
5,"Catherine Rust",67,"PBM",4255,"500V-06WNH","W",2020,"N"
6,"Debbie Wilson",66,"NCMS",4135,"1308-02318","W",2020,"N"
7,"Jeanne Garr",66,"NEM",4020,"020M-033VP","W",2020,"N"
7,"Judy Eisenman",66,"TAM",4020,"380Y-03K2U","W",2020,"N"
9,"Joan Craffey",67,"PBM",4000,"500M-06MBR","W",2020,"N"
10,"Elaine Valdez",65,"MOST",3900,"4300-02P0H","W",2020,"N"
11,"Nay Albertson",66,"WCM",3785,"380H-06HGT","W",2020,"N"
12,"Phyllis Quinn",65,"TOC",3760,"380H-03F7Y","W",2020,"N"
13,"Betsy Feldmann",67,"NEM",3750,"0208-06T5K","W",2020,"N"
14,"Sue Watts",66,"1776",3675,"0807-05TSF","W",2020,"N"
15,"Emily White",67,"NEM",3655,"020M-034AM","W",2020,"N"
16,"Martha Gipson",65,"SPM",3635,"140J-02G5B","W",2020,"N"
17,"Jill Johnson",65,"SLAM",3625,"220M-04851","W",2020,"N"
18,"Linda Hoke",65,"1776",3620,"080R-0225B","W",2020,"N"
19,"Kathy Lewis",66,"NEM",3560,"020X-0732S","W",2020,"N"
20,"Blair Brockman",65,"SFTL",3500,"5003-080YC","W",2020,"N"
21,"Jill Wright",69,"SAWS",3475,"5906-01J02","W",2020,"N"
22,"Peggy Stringer",69,"BSMT",3455,"310E-01JR7","W",2020,"N"
23,"Karen McClean",65,"ARIZ",3450,"480J-0A5SC","W",2020,"N"
24,"Paula Yankauskas",66,"NEM",3405,"020S-W0WSA","W",2020,"N"
25,"Elizabeth Butler",66,"MESC",3400,"0209-09HMY","W",2020,"N"
26,"Barbara Boslego",69,"VMST",3370,"120T-02HV9","W",2020,"N"
27,"Pam Geiger",68,"SPM",3290,"140H-02REZ","W",2020,"N"
28,"Charlotte Kramer",66,"BUMS",3250,"040J-0926U","W",2020,"N"
28,"Susan Ashbaugh",67,"TBAM",3250,"140X-02RTC","W",2020,"N"
30,"Nancy Kiernan",66,"SPM",3225,"140Z-02RN7","W",2020,"N"
31,"Linda Callaway",67,"MOST",3195,"430D-02NEV","W",2020,"N"
32,"Katy Lantz",67,"DAM",3170,"380C-040UN","W",2020,"N"
33,"Martha Erickson",69,"NASH",3165,"150N-GG0F3","W",2020,"N"
34,"Melanie Mociun",68,"TAM",3150,"380W-03HUN","W",2020,"N"
35,"Liz Fox",66,"NEM",3125,"0200-063V4","W",2020,"N"
36,"Chris Mayhew",67,"MOST",3110,"4305-CHR1S","W",2020,"N"
37,"Mary Carbonaro",66,"SHARK",3100,"1401-MARYC","W",2020,"N"
37,"Laurie Brenner",65,"NEM",3100,"020N-094RR","W",2020,"N"
39,"Cynthia Gardner",69,"NEM",3060,"0201-07KBA","W",2020,"N"
40,"Margret McCall",67,"KMAN",3045,"330S-0AKD2","W",2020,"N"
41,"Jane Hook",66,"TAM",3020,"380U-03NAJ","W",2020,"N"
42,"Karla Nisley-Black",65,"NEM",3000,"0200-033T0","W",2020,"N"
42,"Kathy Gill",66,"DAM",3000,"380J-03GY3","W",2020,"N"
44,"Anne Kendrick",69,"NASH",2980,"150F-0ARK6","W",2020,"N"
45,"Laraine Smith",69,"ARIZ",2975,"480F-097ZU","W",2020,"N"
46,"Karen Cole",69,"BUMS",2890,"040E-07RVE","W",2020,"N"
47,"Connie Lindsey",68,"MOST",2870,"4306-C0NNE","W",2020,"N"
48,"Mary Dickson",68,"NEM",2820,"0209-0837D","W",2020,"N"
49,"Mary Soucek",68,"SWIM",2800,"140Z-02S8T","W",2020,"N"
49,"Martha Buthmann",68,"TCAM",2800,"3802-0A8H1","W",2020,"N"
51,"Lyra Halprin",69,"DAM",2765,"380S-03G0F","W",2020,"N"
52,"Connie Shuman",65,"OREG",2730,"3702-026A0","W",2020,"N"
53,"Debra Jayne",67,"NEM",2695,"020F-09RT3","W",2020,"N"
54,"Kathryn Selles",68,"SPM",2645,"140R-06P54","W",2020,"N"
55,"Nancy Fields",69,"MOST",2605,"430A-02RC5","W",2020,"N"
56,"Louise Cobetto",66,"PBM",2565,"500X-0B5VG","W",2020,"N"
57,"Starr Campbell",68,"UC23",2550,"2308-06TBK","W",2020,"N"
58,"Lynn Narlesky",68,"DAM",2520,"380Y-03HHA","W",2020,"N"
59,"Nancy Wood",69,"MOST",2475,"430C-02P50","W",2020,"N"
60,"Donna Leikensohn",68,"SRQM",2415,"1408-UD0KZ","W",2020,"N"
61,"Mary Twomey",66,"RIPT",2350,"330A-ACGAN","W",2020,"N"
62,"Deborah Higdon",68,"LPM",2300,"150H-08ECF","W",2020,"N"
63,"Monica Brogan",68,"VMST",2275,"120H-0A84Y","W",2020,"N"
64,"Cathy Machak",66,"HOLY",2000,"020U-01SEC","W",2020,"N"
65,"Betsey Lewis Snow",67,"MARY",1960,"090W-0B9S7","W",2020,"N"
66,"Debra Chisholm",68,"NEM",1950,"020A-034TT","W",2020,"N"
67,"Betty Kamarad",68,"LPM",1800,"150R-0AYXX","W",2020,"N"
68,"Christine Foote",67,"TAM",1150,"3803-03F8W","W",2020,"N"
1,"Christie Hayes",72,"NEM",4000,"0208-01S5E","W",2020,"N"
2,"Tracy Clarkson",71,"1776",3965,"080M-09NEX","W",2020,"N"
3,"Meredith Moore",71,"SHARK",3650,"140P-01S4X","W",2020,"N"
4,"Andrea Hunt",72,"PSM",3525,"3600-0365H","W",2020,"N"
5,"Barbara West",72,"NEM",3500,"020J-BWEST","W",2020,"N"
6,"Barbara Prescott",70,"SPM",3470,"140G-02RN6","W",2020,"N"
7,"Suzanne Mitchell",72,"PBM",3415,"500F-08CXY","W",2020,"N"
8,"Susan Collins",71,"WCM",3390,"380T-03NKB","W",2020,"N"
9,"Stephanie Scott",73,"WCM",3375,"380T-03K0Y","W",2020,"N"
10,"Anne Page",72,"SPM",3355,"140M-02SGA","W",2020,"N"
11,"Carol Mitchell",71,"SHARK",3315,"1404-033GG","W",2020,"N"
12,"Christine Schroeder",71,"1776",3235,"0807-0225J","W",2020,"N"
13,"Babs Larsen",73,"MINN",3220,"300T-02A9M","W",2020,"N"
14,"Connie Wilson",72,"OREG",3170,"370Z-0B4NE","W",2020,"N"
15,"Evelyn Cosper",72,"INDY",3025,"1605-02AC3","W",2020,"N"
16,"Cynthia Needham",72,"NEM",2940,"020F-071D8","W",2020,"N"
17,"Anne Stoddard",74,"TNYA",2905,"060N-02Y4R","W",2020,"N"
18,"Suzi Burns",73,"ETM",2890,"120E-09JMT","W",2020,"N"
19,"Patricia McGovern",71,"BURN",2795,"060V-02Y3H","W",2020,"N"
20,"Sheila Carpenter-vanDijk",71,"SPM",2730,"380U-SWMMM","W",2020,"N"
21,"Mizuho Iwamoto",72,"DAM",2700,"380X-082HE","W",2020,"N"
22,"Marjorie Safran",71,"NEM",2670,"0205-08301","W",2020,"N"
23,"Susan Paris",74,"O*H*",2660,"1802-01WC8","W",2020,"N"
24,"Linda Shoenberger",73,"TAM",2650,"380A-03F82","W",2020,"N"
25,"Lori Viti",72,"TAM",2625,"380P-07UBS","W",2020,"N"
26,"Elizabeth Stengel",74,"NEM",2550,"020V-09PRZ","W",2020,"N"
27,"Diane McManus",70,"1776",2500,"0807-042FC","W",2020,"N"
28,"Marilyn Williams",74,"NEM",2445,"0201-K7JBP","W",2020,"N"
29,"Susan Sugai",71,"AKMS",2400,"560N-09WB6","W",2020,"N"
30,"Carol Stark",72,"OREG",2180,"370M-026UJ","W",2020,"N"
31,"Margaret laura Welch",74,"ARIZ",2100,"480X-09SY2","W",2020,"N"
32,"Jennifer Johnston",73,"L4S",1800,"100U-039KC","W",2020,"N"
33,"Joan Sampson",71,"LPM",1770,"150B-0ATSR","W",2020,"N"
34,"Sonja Martinson",70,"NEM",1645,"020T-RH0XE","W",2020,"N"
1,"Daniela Barnea",76,"STAN",3335,"3802-03JTU","W",2020,"N"
2,"Alice Zabudsky",75,"OREG",3240,"370K-0266G","W",2020,"N"
3,"Vivian Gundzik",78,"NMMS",3125,"420K-0053R","W",2020,"N"
4,"Susan Meyers",78,"SHARK",3045,"1408-02ACV","W",2020,"N"
5,"Nancy Ridout",78,"TAM",3040,"380P-NANCY","W",2020,"N"
6,"Leslie Westergaard",77,"DAM",3025,"3800-03GEZ","W",2020,"N"
7,"Christine Jorgensen",75,"MARY",2700,"090B-01V9C","W",2020,"N"
8,"Susan Marens",78,"VMST",2655,"1204-02HSX","W",2020,"N"
9,"Meredith Pechoultres",77,"TAM",2320,"3800-040N4","W",2020,"N"
10,"Emily Trueblood",78,"TNYA",2200,"0608-02Y4X","W",2020,"N"
11,"Sharon Pearson",75,"NEM",2175,"020P-09PT6","W",2020,"N"
12,"Polly Kegler",77,"UTAH",2075,"340D-0ARMA","W",2020,"N"
13,"Roswita Norris",78,"DAM",2065,"380J-03GE3","W",2020,"N"
14,"Hannah Gilman",76,"NEM",2025,"020B-084MU","W",2020,"N"
15,"Lynn Francis",76,"MOST",1895,"4302-02NGK","W",2020,"N"
1,"Patricia Bond",82,"SHARK",3140,"140U-02RDM","W",2020,"N"
2,"Martha Henderson",84,"FACT",2640,"140N-02RS4","W",2020,"N"
3,"Kacky Elliott",81,"GS",2620,"5507-095PR","W",2020,"N"
4,"Ruth Stavis",83,"NEM",2530,"020X-033F0","W",2020,"N"
5,"Jeanne Magmer",80,"OREG",2100,"3706-07T8R","W",2020,"N"
6,"Peggie Hodge",80,"OREG",2065,"3708-026A6","W",2020,"N"
7,"Nana Whalen",83,"MARY",1720,"090K-09KDV","W",2020,"N"
1,"Mary Alexandre",85,"TAM",2800,"380D-03HEB","W",2020,"N"
2,"Eulah Varty",86,"MMAC",2500,"480D-094R2","W",2020,"N"
3,"Miek Mc Cubbin",85,"SMM",2075,"380M-03HJM","W",2020,"N"
